Time(s),P1,P2,P3,P4,P5,FX,FS,V1,V2,V3,V4,TUP,TDOWN,N1,N2,N3,N4,N5,N6,N7,N8,N9,N10,N11,N12,N13,N14,N15,LAFTime,Location 1,Location 2,Location 3,F1,F2,F3,F4,F5,F6,F7,F8,F9,F10,F11,V4_extended,V3_extended,V2_extended,V1_extended,modified_LAFTime,modified_Time(s),f_start_Time(s)
-18.39999999999997,13535.2,96.668,6.3333,5.1667,0.0048334,180.2376,0.98664,13.95587267147676,20.48069521291927,,,5.1,18.5,,,,,,,,,,,,,,,,0.0,57.8,74.5,47.3,0.5215024566847686,0.3598784587535557,0.3455860245710435,0.5408973364365142,0.5743082492888544,0.5258210499094906,0.1727904204032969,0.4924101370571503,0.02159919133274584,0.5085725368502716,0.07219162141194724,1.005736356098121,9.48109887908866,20.48069521291927,13.95587267147676,-105.0,-18.39999999999997,-9.799999999999969
-18.19999999999997,13540.0,100.0,6.208299999999999,5.125,0.0050834,180.1512,0.98664,6.70385433324355,10.94739207566929,,,5.1,18.5,,,,,,,,,,,,,,,,1.0,58.2,77.1,40.9,0.5204292733385053,0.3566459787949315,0.1943911668653776,0.5408973364365142,0.578613912593742,0.5322860098267391,0.08639780208387332,0.4978019136281355,0.04319786428904671,0.5064261701577452,0.07219162141194724,1.005736356098121,9.48109887908866,10.94739207566929,6.70385433324355,-104.0,-18.19999999999997,-9.59999999999997
-17.99999999999997,13535.2,81.668,6.1667,5.125,0.004333399999999999,179.7912,0.95664,6.70385433324355,,9.48109887908866,,5.1,18.5,,,,,,,,,,,,,,,,2.0,50.1,62.4,38.9,0.5085725368502716,0.3598784587535557,0.3455860245710435,0.5344323765192657,0.5775407292474787,0.5279674166020171,0.5183764449743404,0.4902637703646237,-0.2159919133274584,0.4902637703646237,0.06572666149469873,1.005736356098121,9.48109887908866,10.94739207566929,6.70385433324355,-103.0,-17.99999999999997,-9.39999999999997
-17.79999999999997,13540.0,88.332,6.4583,5.125,0.0045834,179.82,0.97664,13.95587267147676,,9.48109887908866,,5.2,18.6,,,,,,,,,,,,,,,,3.0,68.7,77.4,50.2,0.517196793379881,0.3588052754072925,0.3239852781089628,0.5311998965606413,0.5818463925523661,0.5311998965606413,0.5399927427297704,0.4945694336695112,0.1295941112435851,0.5064261701577452,0.07111455908973366,1.005736356098121,9.48109887908866,10.94739207566929,13.95587267147676,-102.0,-17.79999999999997,-9.199999999999967
-17.59999999999997,13540.0,103.332,5.958299999999999,5.208299999999999,0.005,180.0288,0.98336,,,9.48109887908866,,5.1,18.5,,,,,,,,,,,,,,,,4.0,60.6,73.2,48.7,0.5161236100336178,0.3555727954486682,0.2159919133274584,0.5452159296612361,0.5710757693302302,0.5355184897853633,0.5399927427297704,0.4924101370571503,0.2159919133274584,0.4902637703646237,0.06357253685027153,1.005736356098121,9.48109887908866,10.94739207566929,11.538533225399023,-101.0,-17.59999999999997,-8.999999999999968
-17.39999999999997,13551.6,88.332,6.625,5.0833,0.0046666,180.36,1.03336,,10.94739207566929,9.48109887908866,1.005736356098121,5.2,18.5,,,,,,,,,,,,,,,,5.0,55.4,69.8,37.8,0.519356089992242,0.3555727954486682,0.1511948577056659,0.5355184897853633,0.5743082492888544,0.5322860098267391,0.2591882224871702,0.493496250323248,0.1511948577056659,0.491336953710887,0.07003749676752004,1.005736356098121,9.48109887908866,10.94739207566929,9.121193779321286,-100.0,-17.39999999999997,-8.799999999999969
-17.19999999999997,13535.2,88.332,6.0417,5.125,0.0045,180.0288,1.04336,6.70385433324355,10.94739207566929,,1.461044723953808,5.2,18.5,,,,,,,,,,,,,,,,6.0,49.0,62.6,45.8,0.5150374967675201,0.3577320920610292,-0.04319786428904671,0.5344323765192657,0.578613912593742,0.5290535298681148,0.1295941112435851,0.4956426170157746,-0.1079933647815043,0.489177657098526,0.06895914145332299,1.461044723953808,9.48109887908866,10.94739207566929,6.70385433324355,-99.0,-17.19999999999997,-8.59999999999997
-16.99999999999998,13541.6,88.332,6.4583,5.1667,0.004333399999999999,179.8776,1.01664,6.70385433324355,,9.48109887908866,1.642223759542071,5.1,18.5,,,,,,,,,,,,,,,,7.0,41.0,58.8,49.0,0.5161236100336178,0.3555727954486682,0.08639780208387332,0.5408973364365142,0.5743082492888544,0.5333591931730023,0.1079933647815043,0.493496250323248,-0.06479705562179255,0.4978019136281355,0.08188906128782002,1.642223759542071,9.48109887908866,10.94739207566929,6.70385433324355,-98.0,-16.99999999999998,-8.399999999999977
-16.79999999999998,13540.0,111.668,6.0,5.125,0.0053334,180.0288,1.04336,,10.94739207566929,,2.093392494213988,5.2,18.5,,,,,,,,,,,,,,,,8.0,41.8,53.4,46.7,0.519356089992242,0.3512671321437807,0.2375874760250895,0.5398241530902509,0.5743082492888544,0.5376648564778899,0.06479705562179255,0.4978019136281355,-0.04319786428904671,0.4978019136281355,0.0958973364365141,2.093392494213988,9.48109887908866,10.94739207566929,9.121193779321286,-97.0,-16.79999999999998,-8.199999999999978
-16.59999999999998,13543.2,80.0,6.291700000000001,5.125,0.004333399999999999,180.2088,1.02664,,,,2.346367022067774,5.2,18.5,,,,,,,,,,,,,,,,9.0,50.4,54.9,41.7,0.5128911300749935,0.3641970519782778,0.2159919133274584,0.5365916731316266,0.580773209206103,0.5279674166020171,0.4535793893525478,0.4999612102404965,-0.280788968949251,0.5010343935867597,0.1066718386346005,2.346367022067774,9.48109887908866,11.494816417690373,11.538533225399023,-96.0,-16.59999999999998,-7.999999999999979
-16.39999999999998,13523.2,98.33200000000001,6.416700000000001,5.125,0.00475,180.2736,1.02,13.95587267147676,,,2.463267219214844,5.2,18.5,,,,,,,,,,,,,,,,10.0,46.8,53.2,41.0,0.5225885699508662,0.3588052754072925,0.280788968949251,0.5452159296612361,0.578613912593742,0.5365916731316266,0.1295941112435851,0.4956426170157746,0.2591882224871702,0.5064261701577452,0.1034393586759762,2.463267219214844,9.48109887908866,12.042240759711458,13.95587267147676,-95.0,-16.39999999999998,-7.799999999999979
-16.19999999999998,13546.8,118.332,5.8333,5.208299999999999,0.005583400000000001,180.0288,1.00336,,,,2.681572572330304,5.1,18.5,,,,,,,,,,,,,,,,11.0,38.8,44.9,38.1,0.5161236100336178,0.3609645720196535,0.3455860245710435,0.5430566330488751,0.5753814326351177,0.5355184897853633,0.604789798351563,0.4945694336695112,-0.02159919133274584,0.4956426170157746,0.0958973364365141,2.681572572330304,9.48109887908866,12.589665101732542,16.25903468220869,-94.0,-16.19999999999998,-7.59999999999998
-15.99999999999998,13535.2,93.332,6.625,5.0833,0.0048334,180.2088,1.06336,18.56219669294062,,,2.883396873149774,5.1,18.5,,,,,,,,,,,,,,,,12.0,46.4,39.0,49.9,0.5215024566847686,0.3609645720196535,0.4103830801928361,0.5376648564778899,0.5796870959400051,0.5344323765192657,0.2375874760250895,0.4956426170157746,-0.1295941112435851,0.5010343935867597,0.0980514610809413,2.883396873149774,9.48109887908866,13.137089443753625,18.56219669294062,-93.0,-15.999999999999979,-7.399999999999977
-15.79999999999998,13543.2,110.0,6.0,5.125,0.005,180.0288,1.02664,13.95587267147676,,9.48109887908866,2.979299367150124,5.1,18.6,,,,,,,,,,,,,,,,13.0,51.0,47.5,45.0,0.5139643134212568,0.3641970519782778,0.04319786428904671,0.5311998965606413,0.5743082492888544,0.5258210499094906,0.2159919133274584,0.493496250323248,0.08639780208387332,0.4902637703646237,0.09374191880010344,2.979299367150124,9.48109887908866,13.684513785774708,13.95587267147676,-92.0,-15.79999999999998,-7.199999999999978
-15.59999999999998,13533.2,113.332,6.8333,5.125,0.0054166,180.2376,1.04,,,9.48109887908866,3.162178171216298,5.1,18.6,,,,,,,,,,,,,,,,14.0,48.0,49.6,59.0,0.5128911300749935,0.3577320920610292,0.3887823337307553,0.5344323765192657,0.5732221360227567,0.5225885699508662,0.1511948577056659,0.4870312904059995,0.04319786428904671,0.4988750969743987,0.1012839410395656,3.162178171216298,9.48109887908866,14.231938127795793,10.329863502360155,-91.0,-15.59999999999998,-6.999999999999979
-15.39999999999998,13531.6,110.0,5.8333,5.1667,0.005249999999999999,180.2088,1.03664,6.70385433324355,,,3.249864301402151,5.2,18.6,,,,,,,,,,,,,,,,15.0,42.7,38.6,62.8,0.5150374967675201,0.354499612102405,0.3239852781089628,0.5311998965606413,0.5699896560641324,0.5236617532971295,-0.2159919133274584,0.4848719937936384,-0.280788968949251,0.4881044737522627,0.1077489009568141,3.249864301402151,9.48109887908866,14.779362469816878,6.70385433324355,-90.0,-15.39999999999998,-6.799999999999979
-15.19999999999998,13536.8,96.668,6.416700000000001,5.0833,0.005,180.0288,1.02336,6.70385433324355,,9.48109887908866,3.41829841367658,5.1,18.6,,,,,,,,,,,,,,,,16.0,39.9,45.4,70.6,0.5064261701577452,0.3555727954486682,0.3671815872686746,0.5344323765192657,0.5743082492888544,0.5290535298681148,0.6479705562179255,0.491336953710887,0.02159919133274584,0.491336953710887,0.1045164209981898,3.41829841367658,9.48109887908866,15.32678681183796,6.70385433324355,-89.0,-15.199999999999982,-6.5999999999999766
-14.99999999999998,13535.2,125.0,6.25,5.1667,0.00625,180.18,1.04664,,,,3.579002434613071,5.2,18.6,,,,,,,,,,,,,,,,17.0,38.4,50.6,70.2,0.5161236100336178,0.3555727954486682,-0.04319786428904671,0.5258210499094906,0.5689164727178693,0.5258210499094906,0.0,0.4816395138350142,0.1079933647815043,0.4837988104473752,0.1152922161882596,3.579002434613071,14.60848639593399,15.874211153859044,6.70385433324355,-88.0,-14.999999999999979,-6.399999999999977
-14.79999999999998,13518.4,118.332,6.0,5.1667,0.0059166,180.36,1.05,,16.42163549588013,19.73587391277932,3.656522569788239,5.1,18.6,,,,,,,,,,,,,,,,18.0,50.4,50.0,67.8,0.5139643134212568,0.3598784587535557,0.4535793893525478,0.5376648564778899,0.5699896560641324,0.5290535298681148,0.3887823337307553,0.4881044737522627,0.02159919133274584,0.489177657098526,0.1174463408326869,3.656522569788239,19.73587391277932,16.42163549588013,6.70385433324355,-87.0,-14.79999999999998,-6.199999999999978
-14.59999999999998,13543.2,108.332,6.375,5.0833,0.0061666,179.8488,1.01336,6.70385433324355,10.94739207566929,15.48276315959719,3.880148265440092,5.1,18.6,,,,,,,,,,,,,,,,19.0,69.4,45.3,62.6,0.5139643134212568,0.3577320920610292,0.08639780208387332,0.5301267132143781,0.5710757693302302,0.5204292733385053,0.1727904204032969,0.4859451771399018,-0.1943911668653776,0.4967287302818723,0.1152922161882596,3.880148265440092,15.48276315959719,10.94739207566929,6.70385433324355,-86.0,-14.59999999999998,-5.999999999999979
-14.39999999999998,13533.2,118.332,6.125,5.1667,0.0056666,179.28,1.05664,13.95587267147676,,15.48276315959719,3.951935949988182,5.2,18.7,,,,,,,,,,,,,,,,20.0,63.0,38.7,57.0,0.5128911300749935,0.3501810188776829,0.3023845316468819,0.5258210499094906,0.5743082492888544,0.5236617532971295,0.4103830801928361,0.4848719937936384,-0.06479705562179255,0.4827126971812775,0.126066718386346,3.951935949988182,15.48276315959719,10.94739207566929,13.95587267147676,-85.0,-14.39999999999998,-5.799999999999979
-14.19999999999998,13536.8,113.332,6.875000000000001,5.125,0.0058334,180.18,1.03336,,10.94739207566929,15.48276315959719,4.091569847897592,5.1,18.7,,,,,,,,,,,,,,,,21.0,67.5,38.6,62.1,0.5204292733385053,0.3577320920610292,0.1295941112435851,0.5344323765192657,0.5710757693302302,0.5247349366433929,0.2375874760250895,0.489177657098526,-0.02159919133274584,0.4988750969743987,0.138996638220843,4.091569847897592,15.48276315959719,10.94739207566929,13.95587267147676,-84.0,-14.199999999999982,-5.5999999999999766
-13.99999999999998,13531.6,133.332,5.375,5.208299999999999,0.0069166,180.3888,1.05,,10.94739207566929,9.48109887908866,4.159710448004279,5.2,18.7,,,,,,,,,,,,,,,,22.0,72.5,50.2,61.6,0.5128911300749935,0.3566459787949315,0.2375874760250895,0.5365916731316266,0.5775407292474787,0.5279674166020171,0.691151314084288,0.4881044737522627,-0.08639780208387332,0.4978019136281355,0.1314584949573313,4.159710448004279,9.48109887908866,10.94739207566929,13.95587267147676,-83.0,-13.999999999999979,-5.399999999999977
-13.79999999999998,13538.4,96.668,6.75,5.0833,0.005,180.1512,1.04664,13.95587267147676,,,4.292590951704074,5.2,18.6,,,,,,,,,,,,,,,,23.0,78.2,56.7,60.1,0.5128911300749935,0.3598784587535557,0.2375874760250895,0.5322860098267391,0.5753814326351177,0.5311998965606413,0.2159919133274584,0.4967287302818723,0.0,0.5031936901991209,0.1239113007499354,4.292590951704074,14.60848639593399,15.251482921870714,13.95587267147676,-82.0,-13.79999999999998,-5.199999999999978
-13.59999999999999,13535.2,113.332,6.0,5.125,0.0055,180.0,1.07336,13.95587267147676,,19.73587391277932,4.292590951704074,5.2,18.6,,,,,,,,,,,,,,,,24.0,70.8,65.3,62.7,0.5118050168088958,0.354499612102405,0.3023845316468819,0.5376648564778899,0.5613783294543574,0.5311998965606413,0.280788968949251,0.4902637703646237,-0.1079933647815043,0.4805663304887509,0.1163692785104732,4.292590951704074,19.73587391277932,19.555573768072136,13.95587267147676,-81.0,-13.59999999999999,-4.999999999999989
-13.39999999999999,13536.8,128.332,6.25,5.1667,0.0071666,180.0288,1.02664,6.70385433324355,23.85966461427356,9.48109887908866,4.484610388548671,5.1,18.7,,,,,,,,,,,,,,,,25.0,69.7,61.3,72.1,0.5064261701577452,0.36311093871218,0.280788968949251,0.5387509697439875,0.5764546159813809,0.5333591931730023,0.4967756985122597,0.4848719937936384,-0.08639780208387332,0.493496250323248,0.1185246961468839,4.484610388548671,9.48109887908866,23.85966461427356,6.70385433324355,-80.0,-13.399999999999991,-4.7999999999999865
-13.19999999999999,13520.0,106.668,6.208299999999999,5.125,0.0059166,179.7624,1.0,,,19.73587391277932,4.608277847428595,5.2,18.7,,,,,,,,,,,,,,,,26.0,66.3,75.0,66.8,0.5139643134212568,0.365270235324541,0.2375874760250895,0.5344323765192657,0.5689164727178693,0.5322860098267391,0.1511948577056659,0.4870312904059995,0.06479705562179255,0.4945694336695112,0.1088272562710111,4.608277847428595,19.73587391277932,17.403528344971424,6.70385433324355,-79.0,-13.199999999999989,-4.599999999999987
-12.99999999999999,13535.2,105.0,6.125,5.125,0.0050834,180.0936,1.02336,6.70385433324355,10.94739207566929,,4.608277847428595,5.1,18.7,,,,,,,,,,,,,,,,27.0,73.1,79.0,65.3,0.5139643134212568,0.3588052754072925,0.4103830801928361,0.5376648564778899,0.5699896560641324,0.5322860098267391,0.5183764449743404,0.4924101370571503,-0.04319786428904671,0.4978019136281355,0.1066718386346005,4.608277847428595,19.73587391277932,10.94739207566929,6.70385433324355,-78.0,-12.99999999999999,-4.399999999999988
-12.79999999999999,13533.2,128.332,6.75,5.125,0.006583400000000001,180.3024,1.01664,13.95587267147676,,19.73587391277932,4.668738972731889,5.1,18.7,,,,,,,,,,,,,,,,28.0,70.7,77.8,71.2,0.5204292733385053,0.3588052754072925,0.1511948577056659,0.5408973364365142,0.5743082492888544,0.5344323765192657,0.1079933647815043,0.4956426170157746,-0.1079933647815043,0.489177657098526,0.09374191880010344,4.668738972731889,19.73587391277932,12.315952930722,13.95587267147676,-77.0,-12.79999999999999,-4.199999999999989
-12.59999999999999,13545.2,116.668,5.5,5.208299999999999,0.0059166,180.3024,0.98664,6.70385433324355,,,4.787652658404543,5.2,18.7,,,,,,,,,,,,,,,,29.0,67.2,74.9,64.5,0.5182699767261444,0.3663434186708042,0.280788968949251,0.5376648564778899,0.5753814326351177,0.5344323765192657,0.5399927427297704,0.491336953710887,0.3239852781089628,0.5010343935867597,0.09697439875872771,4.787652658404543,14.60848639593399,13.684513785774708,6.70385433324355,-76.0,-12.59999999999999,-3.9999999999999885
-12.39999999999999,13533.2,96.668,6.75,5.0417,0.005249999999999999,180.0936,1.02336,18.56219669294062,,9.48109887908866,4.845876273073074,5.1,18.7,,,,,,,,,,,,,,,,30.0,71.2,75.1,66.8,0.5215024566847686,0.365270235324541,0.3455860245710435,0.5344323765192657,0.5775407292474787,0.5376648564778899,0.1295941112435851,0.4956426170157746,0.02159919133274584,0.5010343935867597,0.08835402120506854,4.845876273073074,9.48109887908866,15.053074640827418,18.56219669294062,-75.0,-12.39999999999999,-3.7999999999999874
-12.19999999999999,13533.2,126.668,5.875,5.1667,0.0061666,179.8776,0.97336,13.95587267147676,16.42163549588013,15.48276315959719,4.845876273073074,5.1,18.7,,,,,,,,,,,,,,,,31.0,64.4,76.3,59.3,0.517196793379881,0.3609645720196535,0.1079933647815043,0.5376648564778899,0.5743082492888544,0.5408973364365142,0.3887823337307553,0.4999612102404965,0.04319786428904671,0.4988750969743987,0.09050943884147918,4.845876273073074,15.48276315959719,16.42163549588013,13.95587267147676,-74.0,-12.19999999999999,-3.599999999999988
-11.99999999999999,13536.8,105.0,6.541700000000001,5.125,0.0053334,179.6976,0.96,13.95587267147676,,19.73587391277932,4.903546068402317,5.2,18.7,,,,,,,,,,,,,,,,32.0,74.6,74.6,56.9,0.5215024566847686,0.3598784587535557,0.3887823337307553,0.5462891130074994,0.5753814326351177,0.5387509697439875,0.280788968949251,0.5010343935867597,-0.06479705562179255,0.5085725368502716,0.08296741660201706,4.903546068402317,19.73587391277932,14.596887689143182,13.95587267147676,-73.0,-11.99999999999999,-3.399999999999987
-11.79999999999999,13538.4,118.332,5.7083,5.1667,0.00625,179.9712,0.96,,,,5.016762911715039,5.1,18.6,,,,,,,,,,,,,,,,33.0,73.0,75.4,53.8,0.5204292733385053,0.3620377553659167,0.3671815872686746,0.5398241530902509,0.5764546159813809,0.5311998965606413,0.280788968949251,0.5010343935867597,0.04319786428904671,0.4988750969743987,0.0754241013705715,5.016762911715039,17.609318536188255,12.772139882406236,13.95587267147676,-72.0,-11.79999999999999,-3.1999999999999877
-11.59999999999999,13520.0,106.668,6.5,5.0833,0.005249999999999999,180.4176,1.02336,,10.94739207566929,15.48276315959719,5.016762911715039,5.2,18.7,,,,,,,,,,,,,,,,34.0,64.6,74.5,67.3,0.5225885699508662,0.3566459787949315,0.3455860245710435,0.5355184897853633,0.580773209206103,0.5344323765192657,-0.02159919133274584,0.5010343935867597,0.1727904204032969,0.5010343935867597,0.07757951900698215,5.016762911715039,15.48276315959719,10.94739207566929,13.95587267147676,-71.0,-11.59999999999999,-2.9999999999999885
-11.39999999999999,13538.4,106.668,6.291700000000001,5.125,0.0050834,179.9424,1.01,13.95587267147676,,15.48276315959719,5.072490246749696,5.1,18.6,,,,,,,,,,,,,,,,35.0,77.2,62.4,51.6,0.5215024566847686,0.365270235324541,0.1727904204032969,0.5365916731316266,0.5829195758986294,0.5333591931730023,0.3239852781089628,0.4945694336695112,-0.06479705562179255,0.4999612102404965,0.07111455908973366,5.072490246749696,15.48276315959719,12.772139882406236,13.95587267147676,-70.0,-11.39999999999999,-2.7999999999999874
-11.19999999999999,13528.4,115.0,5.7083,5.208299999999999,0.0059166,180.0288,1.01,22.23465459971302,,15.48276315959719,5.127611968000506,5.1,18.7,,,,,,,,,,,,,,,,36.0,73.5,78.3,53.3,0.5225885699508662,0.3663434186708042,0.2159919133274584,0.5419834497026118,0.578613912593742,0.5322860098267391,0.1079933647815043,0.5010343935867597,0.280788968949251,0.5053400568916473,0.07219162141194724,5.127611968000506,15.48276315959719,14.596887689143182,22.23465459971302,-69.0,-11.19999999999999,-2.599999999999988
-10.99999999999999,13536.8,91.668,6.75,5.0417,0.0050834,180.4536,0.98664,6.70385433324355,16.42163549588013,19.73587391277932,5.127611968000506,5.1,18.7,,,,,,,,,,,,,,,,37.0,70.2,74.8,70.7,0.5279674166020171,0.3609645720196535,0.08639780208387332,0.5441298163951384,0.5829195758986294,0.5398241530902509,0.561557202840703,0.4924101370571503,-0.1295941112435851,0.502107576933023,0.06680501680889579,5.127611968000506,19.73587391277932,16.42163549588013,6.70385433324355,-68.0,-10.99999999999999,-2.399999999999987
-10.8,13526.8,113.332,5.7083,5.1667,0.0055,180.3024,1.00664,6.70385433324355,,,5.182017307071303,5.1,18.7,,,,,,,,,,,,,,,,38.0,70.5,73.6,76.0,0.5258210499094906,0.352340315490044,0.561557202840703,0.5452159296612361,0.5840056891647272,0.5344323765192657,0.3887823337307553,0.5053400568916473,0.1079933647815043,0.4978019136281355,0.06680501680889579,5.182017307071303,17.609318536188255,15.053074640827418,6.70385433324355,-67.0,-10.8,-2.1999999999999984
-10.6,13521.6,110.0,6.666700000000001,5.125,0.00575,180.1224,0.96664,13.95587267147676,,15.48276315959719,5.182017307071303,5.1,18.7,,,,,,,,,,,,,,,,39.0,62.8,79.4,70.9,0.5215024566847686,0.3620377553659167,0.3239852781089628,0.5441298163951384,0.5818463925523661,0.5376648564778899,0.04319786428904671,0.5010343935867597,-0.08639780208387332,0.5053400568916473,0.0732699767261443,5.182017307071303,15.48276315959719,13.684513785774708,13.95587267147676,-66.0,-10.6,-1.9999999999999973
-10.4,13545.2,111.668,5.4583,5.1667,0.0059166,180.0576,1.00664,6.70385433324355,,,5.235986111688777,5.2,18.7,,,,,,,,,,,,,,,,40.0,63.7,74.6,56.0,0.5150374967675201,0.3566459787949315,0.280788968949251,0.5430566330488751,0.5753814326351177,0.5322860098267391,0.2375874760250895,0.4902637703646237,0.1511948577056659,0.4999612102404965,0.06895914145332299,5.235986111688777,12.481931019342927,12.315952930722,6.70385433324355,-65.0,-10.4,-1.799999999999998
-10.2,13535.2,86.66799999999999,6.666700000000001,5.0833,0.0045834,179.8488,0.93,18.56219669294062,10.94739207566929,9.48109887908866,5.235986111688777,5.1,18.7,,,,,,,,,,,,,,,,41.0,48.4,71.8,59.6,0.5225885699508662,0.3641970519782778,0.4103830801928361,0.5398241530902509,0.5743082492888544,0.5355184897853633,0.280788968949251,0.5031936901991209,0.1295941112435851,0.5107318334626326,0.06895914145332299,5.235986111688777,9.48109887908866,10.94739207566929,18.56219669294062,-64.0,-10.2,-1.599999999999997
-9.999999999999998,13533.2,130.0,6.291700000000001,5.1667,0.0066666,181.1736,1.24336,18.56219669294062,16.42163549588013,,5.235986111688777,5.1,18.7,,,,,,,,,,,,,,,,42.0,48.3,70.2,41.2,0.5279674166020171,0.3534134988363072,0.3455860245710435,0.5365916731316266,0.5850788725109906,0.5290535298681148,0.5183764449743404,0.4859451771399018,0.04319786428904671,0.4956426170157746,0.0743470390483579,5.235986111688777,12.481931019342927,16.42163549588013,18.56219669294062,-63.0,-9.999999999999998,-1.399999999999996
-9.799999999999999,13535.2,113.332,6.1667,5.1667,0.0061666,180.0288,0.97,13.95587267147676,10.94739207566929,15.48276315959719,5.289404290920576,5.1,18.7,,,,,,,,,,,,,,,,43.0,55.2,71.5,45.6,0.5150374967675201,0.3609645720196535,0.08639780208387332,0.5419834497026118,0.5710757693302302,0.5290535298681148,0.1511948577056659,0.4881044737522627,0.1295941112435851,0.504266873545384,0.07973493664339282,5.289404290920576,15.48276315959719,10.94739207566929,13.95587267147676,-62.0,-9.799999999999999,-1.1999999999999966
-9.6,13538.4,95.0,6.625,5.0417,0.0050834,180.0288,0.99336,13.95587267147676,,,5.235986111688777,5.1,18.7,,,,,,,,,,,,,,,,44.0,55.3,73.7,49.4,0.5139643134212568,0.3598784587535557,0.06479705562179255,0.5419834497026118,0.5764546159813809,0.5247349366433929,0.604789798351563,0.4902637703646237,-0.2375874760250895,0.4967287302818723,0.08188906128782002,5.235986111688777,17.609318536188255,14.12515978808595,13.95587267147676,-61.0,-9.6,-0.9999999999999973
-9.4,13526.8,118.332,5.958299999999999,5.125,0.00575,180.18,0.97664,13.95587267147676,,19.73587391277932,5.289404290920576,5.2,18.7,,,,,,,,,,,,,,,,45.0,67.8,56.6,47.9,0.5182699767261444,0.352340315490044,0.3455860245710435,0.5301267132143781,0.5743082492888544,0.5301267132143781,0.2375874760250895,0.4881044737522627,-0.08639780208387332,0.502107576933023,0.0958973364365141,5.289404290920576,19.73587391277932,17.30292750050261,13.95587267147676,-60.0,-9.4,-0.799999999999998
-9.200000000000001,13535.2,118.332,6.5833,5.125,0.00625,180.0576,0.98,22.23465459971302,20.48069521291927,15.48276315959719,5.289404290920576,5.3,18.7,,,,,,,,,,,,,,,,46.0,56.5,46.2,45.4,0.5107318334626326,0.3609645720196535,0.2159919133274584,0.5311998965606413,0.5743082492888544,0.5290535298681148,0.1511948577056659,0.489177657098526,0.0,0.489177657098526,0.09912981639513835,5.289404290920576,15.48276315959719,20.48069521291927,22.23465459971302,-59.0,-9.200000000000001,-0.5999999999999988
-9.000000000000002,13535.2,110.0,5.7083,5.1667,0.0058334,180.4176,0.99,13.95587267147676,10.94739207566929,9.48109887908866,5.289404290920576,5.3,18.7,,,,,,,,,,,,,,,,47.0,56.8,69.2,46.0,0.519356089992242,0.3598784587535557,0.280788968949251,0.5408973364365142,0.5764546159813809,0.5322860098267391,0.3239852781089628,0.502107576933023,-0.1943911668653776,0.4956426170157746,0.1034393586759762,5.289404290920576,9.48109887908866,10.94739207566929,13.95587267147676,-58.0,-9.000000000000002,-0.39999999999999947
-8.800000000000002,13536.8,83.33200000000001,6.541700000000001,5.0833,0.0040834,196.8912,1.03336,13.95587267147676,10.94739207566929,9.48109887908866,5.289404290920576,5.1,18.7,,,,,,,,,,,,,,,,48.0,51.2,72.6,61.4,0.5215024566847686,0.3577320920610292,-0.2159919133274584,0.5365916731316266,0.5732221360227567,0.5268942332557538,0.04319786428904671,0.4924101370571503,-0.1295941112435851,0.504266873545384,0.100206878717352,5.289404290920576,9.48109887908866,10.94739207566929,13.95587267147676,-57.0,-8.800000000000002,-0.20000000000000018
-8.600000000000003,13531.6,118.332,6.125,5.125,0.0058334,196.8912,1.01,18.56219669294062,23.85966461427356,9.48109887908866,5.289404290920576,5.1,18.7,,,,,,,,,,,,,,,,49.0,56.6,71.5,54.1,0.5128911300749935,0.3598784587535557,0.3023845316468819,0.5247349366433929,0.5743082492888544,0.5301267132143781,0.4535793893525478,0.493496250323248,-0.2375874760250895,0.4881044737522627,0.09481898112231704,5.289404290920576,9.48109887908866,23.85966461427356,18.56219669294062,-56.0,-8.600000000000003,-8.881784197001252e-16
-8.400000000000004,13533.2,105.0,6.208299999999999,5.1667,0.0053334,197.8488,0.98664,13.95587267147676,16.42163549588013,15.48276315959719,5.289404290920576,5.1,18.7,,,,,,,,,,,,,,,,50.0,54.4,58.8,57.1,0.5182699767261444,0.3555727954486682,0.4535793893525478,0.5408973364365142,0.5710757693302302,0.5279674166020171,0.1511948577056659,0.4956426170157746,0.2159919133274584,0.4988750969743987,0.09158650116369278,5.289404290920576,15.48276315959719,16.42163549588013,13.95587267147676,-55.0,-8.400000000000004,0.1999999999999984
-8.200000000000005,13525.2,91.668,6.291700000000001,5.0833,0.0045834,198.3024,1.05664,22.23465459971302,,15.48276315959719,5.289404290920576,5.1,18.7,,,,,,,,,,,,,,,,51.0,47.4,54.3,62.7,0.519356089992242,0.3588052754072925,0.1295941112435851,0.5387509697439875,0.578613912593742,0.5279674166020171,0.1727904204032969,0.4988750969743987,-0.280788968949251,0.4978019136281355,0.09481898112231704,5.289404290920576,15.48276315959719,13.684513785774708,22.23465459971302,-54.0,-8.200000000000005,0.3999999999999977
-8.000000000000005,13536.8,101.668,5.958299999999999,5.125,0.005,198.1224,1.04336,13.95587267147676,10.94739207566929,9.48109887908866,5.289404290920576,5.2,18.7,,,,,,,,,,,,,,,,52.0,46.3,44.7,50.5,0.5150374967675201,0.3566459787949315,0.4103830801928361,0.5430566330488751,0.5796870959400051,0.5376648564778899,0.561557202840703,0.4988750969743987,-0.08639780208387332,0.5064261701577452,0.0958973364365141,5.289404290920576,9.48109887908866,10.94739207566929,13.95587267147676,-53.0,-8.000000000000005,0.599999999999997
-7.800000000000005,13535.2,106.668,6.666700000000001,5.0833,0.0055,198.0,0.99,6.70385433324355,10.94739207566929,19.73587391277932,5.289404290920576,5.1,18.7,,,,,,,,,,,,,,,,53.0,61.6,43.6,51.3,0.5247349366433929,0.3609645720196535,0.08639780208387332,0.5408973364365142,0.5796870959400051,0.5365916731316266,0.1943911668653776,0.493496250323248,0.1079933647815043,0.4999612102404965,0.09158650116369278,5.289404290920576,19.73587391277932,10.94739207566929,6.70385433324355,-52.0,-7.800000000000004,0.7999999999999972
-7.600000000000005,13530.0,98.33200000000001,5.666700000000001,5.1667,0.0045834,199.44,1.02664,22.23465459971302,20.48069521291927,15.48276315959719,5.289404290920576,5.1,18.8,,,,,,,,,,,,,,,,54.0,71.2,52.1,54.2,0.517196793379881,0.3588052754072925,0.4103830801928361,0.5452159296612361,0.5764546159813809,0.5301267132143781,0.3023845316468819,0.4881044737522627,0.4103830801928361,0.5064261701577452,0.07865658132919577,5.289404290920576,15.48276315959719,20.48069521291927,22.23465459971302,-51.0,-7.600000000000005,0.9999999999999973
-7.400000000000005,13536.8,78.332,6.541700000000001,5.0417,0.004,198.8424,0.99,18.56219669294062,10.94739207566929,9.48109887908866,5.289404290920576,5.2,18.8,,,,,,,,,,,,,,,,55.0,68.2,48.2,63.4,2.727178691492113,0.8070468063098009,0.7559483697060806,1.45681406775278,1.340444789242307,1.574217739850013,0.5183764449743404,0.9309542280837859,0.2159919133274584,1.233734160848203,0.9751357641582623,5.289404290920576,9.48109887908866,10.94739207566929,18.56219669294062,-50.0,-7.400000000000006,1.1999999999999975
-7.200000000000005,13533.2,81.668,5.9167,5.125,0.0039166,199.6488,1.16,,,,5.235986111688777,5.1,18.8,,,,,,,,,,,,,,,,56.0,64.9,45.3,61.2,4.32829066459788,2.077450219808637,2.570265927116272,2.285363330747349,2.354279803465218,2.921127489009568,1.079933647815043,1.660460305146108,0.734383909595148,2.399534522885959,1.659296612361004,5.235986111688777,9.48109887908866,13.684513785774708,16.25903468220869,-49.0,-7.200000000000005,1.3999999999999977
-7.000000000000004,13536.8,80.0,6.375,5.125,0.0038334,199.2024,1.02336,13.95587267147676,16.42163549588013,9.48109887908866,5.235986111688777,5.2,18.8,,,,,,,,,,,,,,,,57.0,65.8,53.5,54.7,5.632014481510215,3.223816912335144,5.075786636255248,3.095681406775278,3.446858029480218,4.224851305921904,1.641542688300244,2.381303335919317,1.339121870302213,3.551461080941298,2.036462373933281,5.235986111688777,9.48109887908866,16.42163549588013,13.95587267147676,-48.0,-7.0000000000000036,1.5999999999999979
-6.800000000000004,13530.0,101.668,6.0,5.125,0.0050834,198.9936,1.01,6.70385433324355,16.42163549588013,19.73587391277932,5.235986111688777,5.1,18.8,,,,,,,,,,,,,,,,58.0,59.4,76.3,50.3,5.557667442461857,3.733514352211017,6.328339640246747,2.984613395396949,3.332686837341608,3.705456426170158,1.490332279301229,2.129169899146625,1.511948577056659,3.425394362554953,2.138867339022498,5.235986111688777,19.73587391277932,16.42163549588013,6.70385433324355,-47.0,-6.800000000000004,1.799999999999998
-6.600000000000004,13521.6,73.332,6.291700000000001,5.0833,0.0036666,198.8064,1.0,13.95587267147676,20.48069521291927,23.22346740265646,5.182017307071303,5.1,18.8,,,,,,,,,,,,,,,,59.0,55.4,69.6,54.6,5.856219291440393,3.907033876389967,7.257270229640765,3.031031807602793,3.396302042927334,3.623610033617792,1.879114613031984,2.189423325575381,1.706339743922036,3.60744763382467,2.206749418153608,5.182017307071303,23.22346740265646,20.48069521291927,13.95587267147676,-46.0,-6.600000000000005,1.9999999999999982
-6.400000000000004,13535.2,78.332,6.375,5.0833,0.00375,199.26,1.02664,13.95587267147676,23.85966461427356,23.22346740265646,5.127611968000506,5.1,18.7,,,,,,,,,,,,,,,,60.0,55.4,54.9,55.5,5.962891130074993,4.121411947245927,7.451661396506143,2.954486682182571,3.286397724334109,3.301396431342126,2.051889482141932,2.039694853891906,1.857498315276554,3.589087147659685,2.260537884665115,5.127611968000506,23.22346740265646,23.85966461427356,13.95587267147676,-45.0,-6.400000000000004,2.1999999999999984
-6.200000000000004,13530.0,98.33200000000001,5.958299999999999,5.1667,0.0046666,199.0224,1.06,22.23465459971302,16.42163549588013,19.73587391277932,5.072490246749696,5.1,18.8,,,,,,,,,,,,,,,,61.0,65.5,69.0,45.2,5.795836565813292,4.072924747866563,7.624280752682598,3.178562192914404,3.461986035686579,3.688259632790277,2.224716188896377,2.287561417119214,2.116686537763724,3.425394362554953,2.279932764416861,5.072490246749696,19.73587391277932,16.42163549588013,22.23465459971302,-44.0,-6.200000000000003,2.3999999999999986
-6.000000000000004,13523.2,80.0,6.291700000000001,5.0833,0.0040834,199.1088,1.05664,22.23465459971302,20.48069521291927,,5.072490246749696,5.1,18.8,,,,,,,,,,,,,,,,62.0,66.3,53.1,44.2,5.555598655288337,3.993147142487717,7.516458452127934,3.463020429273339,3.775536591673132,3.860615464184122,2.462288113628117,2.577320920610292,2.332694002384532,3.25833979829325,2.212050685285751,5.072490246749696,17.609318536188255,20.48069521291927,22.23465459971302,-43.0,-6.0000000000000036,2.599999999999998
-5.800000000000003,13543.2,71.66799999999999,6.1667,5.0833,0.0036666,199.2888,1.03336,,16.42163549588013,15.48276315959719,5.016762911715039,5.1,18.8,,,,,,,,,,,,,,,,63.0,66.2,53.6,48.9,5.368114817688131,3.882208430307732,7.775646674615105,3.606413240237911,3.950090509438842,3.842384277217482,2.54870146700534,2.730411171450737,2.851070447358872,3.167830359451772,2.095681406775278,5.016762911715039,15.48276315959719,16.42163549588013,22.23465459971302,-42.0,-5.800000000000004,2.799999999999999
-5.600000000000003,13525.2,91.668,6.3333,5.125,0.0046666,199.26,1.02664,22.23465459971302,16.42163549588013,19.73587391277932,4.903546068402317,5.1,18.8,,,,,,,,,,,,,,,,64.0,56.0,54.1,48.7,5.342254978019136,3.853116110680114,7.516458452127934,3.580553400568916,3.964054822860098,3.67429531936902,2.80788968949251,2.700155159038014,2.915867502980665,3.158132919575898,2.135634859063874,4.903546068402317,19.73587391277932,16.42163549588013,22.23465459971302,-41.0,-5.600000000000003,2.999999999999999
-5.400000000000003,13531.6,91.668,5.958299999999999,5.125,0.004333399999999999,199.26,1.04,13.95587267147676,16.42163549588013,19.73587391277932,4.845876273073074,5.1,18.8,,,,,,,,,,,,,,,,65.0,59.2,61.5,50.3,5.554434962503233,3.821825704680632,7.214244984707896,3.680760279286269,4.041634341867081,3.847685544349625,2.915867502980665,2.760537884665115,2.76465709398165,3.182958365658133,2.454486682182571,4.845876273073074,19.73587391277932,16.42163549588013,13.95587267147676,-40.0,-5.400000000000002,3.1999999999999993
-5.200000000000003,13535.2,73.332,6.416700000000001,5.0417,0.0039166,199.1088,1.03336,6.70385433324355,20.48069521291927,19.73587391277932,4.787652658404543,5.1,18.8,,,,,,,,,,,,,,,,66.0,58.7,61.6,47.9,5.942332557538144,4.053529868114818,7.300295474573636,3.998577708818206,4.377812257564003,4.303465218515646,3.110258669846042,3.065425394362555,2.76465709398165,3.463020429273339,2.615076286527024,4.787652658404543,19.73587391277932,20.48069521291927,6.70385433324355,-39.0,-5.200000000000003,3.3999999999999995
-5.000000000000003,13541.6,80.0,6.1667,5.0833,0.004,199.3176,1.04,6.70385433324355,,15.48276315959719,4.668738972731889,5.1,18.8,,,,,,,,,,,,,,,,67.0,52.7,60.6,67.9,6.249418153607448,4.246444272045514,7.905240785858691,4.100982673907422,4.557796741660201,4.41336953710887,3.455860245710435,3.170028445823636,2.872686745114302,3.731316265839152,2.705585725368503,4.668738972731889,15.48276315959719,20.48069521291927,6.70385433324355,-38.0,-5.0000000000000036,3.5999999999999996
-4.800000000000002,13523.2,85.0,6.1667,5.125,0.0040834,199.0512,1.05664,13.95587267147676,20.48069521291927,15.48276315959719,4.608277847428595,5.1,18.8,,,,,,,,,,,,,,,,68.0,43.8,56.1,58.7,6.205327126971813,4.392940263770365,8.272251308900525,3.940393069562969,4.400439617274373,4.13007499353504,3.628635114820383,2.969614688388932,2.80788968949251,3.756141711921386,2.537496767520041,4.608277847428595,15.48276315959719,20.48069521291927,13.95587267147676,-37.0,-4.800000000000002,3.8000000000000007
-4.600000000000002,13535.2,93.332,6.083299999999999,5.0833,0.005,198.2736,1.05,6.70385433324355,20.48069521291927,19.73587391277932,4.546864582114788,5.1,18.8,,,,,,,,,,,,,,,,69.0,53.6,54.7,43.7,5.58352728213085,4.190328419963796,7.818671919547976,3.695758986294285,4.128911300749936,3.703387638996638,3.434243947955005,2.685156452029998,2.591882224871702,3.289630204292733,2.300491336953711,4.546864582114788,19.73587391277932,20.48069521291927,6.70385433324355,-36.0,-4.600000000000002,4.0
-4.400000000000002,13541.6,70.0,6.291700000000001,5.0833,0.00375,198.1512,1.02336,6.70385433324355,16.42163549588013,19.73587391277932,4.484610388548671,5.1,18.8,,,,,,,,,,,,,,,,70.0,56.7,71.3,47.3,5.84652185156452,4.056762348073442,7.775646674615105,3.976984742694595,4.306697698474269,4.209723299715542,3.412627650199576,2.912464442720455,3.131874967601473,3.32622187742436,2.569821567106284,4.484610388548671,19.73587391277932,16.42163549588013,6.70385433324355,-35.0,-4.400000000000002,4.2
-4.200000000000002,13530.0,81.668,6.3333,5.125,0.004,198.18,1.04336,6.70385433324355,16.42163549588013,15.48276315959719,4.357589272712945,5.1,18.8,,,,,,,,,,,,,,,,71.0,50.2,68.2,44.3,5.901474010861133,4.133307473493665,7.667824374060443,4.146237393328161,4.511507628652702,4.330488750969744,3.909439635062983,3.146237393328161,3.02384531646882,3.461986035686579,2.395267649340574,4.357589272712945,15.48276315959719,16.42163549588013,6.70385433324355,-34.0,-4.200000000000002,4.4
-4.000000000000002,13533.2,106.668,5.8333,5.1667,0.005249999999999999,197.46,0.99664,18.56219669294062,16.42163549588013,19.73587391277932,4.292590951704074,5.1,18.8,,,,,,,,,,,,,,,,72.0,50.4,43.9,53.2,5.974657357124387,4.156969226790793,7.991809652169406,4.395138350142229,4.801267132143781,4.567494181536075,4.211808615416516,3.360744763382467,3.520657301332228,3.50077579519007,2.554693560899922,4.292590951704074,19.73587391277932,16.42163549588013,18.56219669294062,-33.0,-4.000000000000002,4.6000000000000005
-3.800000000000002,13533.2,73.332,6.625,5.0417,0.0040834,198.1224,1.01,18.56219669294062,23.85966461427356,23.22346740265646,4.226752678149881,5.1,18.7,,,,,,,,,,,,,,,,73.0,42.3,49.9,43.1,5.459658650116369,4.028704422032583,7.603027318438651,4.097750193948797,4.571761055081459,4.19795707266615,3.866207039552123,3.082751486940781,2.937483800736095,3.155934833204034,2.371605896043445,4.226752678149881,23.22346740265646,23.85966461427356,18.56219669294062,-32.0,-3.8000000000000025,4.800000000000001
-3.600000000000002,13536.8,80.0,6.0417,5.125,0.0038334,198.3024,1.03336,18.56219669294062,23.85966461427356,15.48276315959719,4.159710448004279,5.1,18.8,,,,,,,,,,,,,,,,74.0,44.7,51.6,46.6,5.28613912593742,3.802430824928885,7.257270229640765,4.008275148694078,4.497414016033101,4.205456426170158,3.931004095173916,3.04396172743729,3.04546161422425,3.050426687354538,2.426558055340057,4.159710448004279,15.48276315959719,23.85966461427356,18.56219669294062,-31.0,-3.6000000000000014,5.0
-3.400000000000002,13528.4,103.332,6.291700000000001,5.1667,0.005166599999999999,198.0936,0.93,13.95587267147676,,15.48276315959719,4.159710448004279,5.1,18.8,,,,,,,,,,,,,,,,75.0,46.3,71.2,41.5,5.354021205068529,3.784199637962245,6.955056762220726,3.973752262735971,4.450090509438843,4.195758986294285,3.974236690684776,2.957719162141195,3.32626613446685,3.051461080941298,2.476079648306181,4.159710448004279,15.48276315959719,20.140650055076843,13.95587267147676,-30.0,-3.400000000000002,5.2
-3.200000000000002,13535.2,86.66799999999999,5.958299999999999,5.125,0.0044166,197.7912,1.03,,16.42163549588013,,4.091569847897592,5.1,18.8,,,,,,,,,,,,,,,,76.0,47.5,66.8,44.8,5.527540729247479,3.824023791052496,7.192473174018973,4.103051461080941,4.567494181536075,4.336953710886993,3.974236690684776,3.113912593741919,3.04546161422425,3.187225239203516,2.557926040858547,4.091569847897592,17.609318536188255,16.42163549588013,13.95587267147676,-29.0,-3.200000000000002,5.4
-3.000000000000001,13535.2,71.66799999999999,6.4583,5.0833,0.00375,198.2088,1.02664,13.95587267147676,23.85966461427356,19.73587391277932,4.091569847897592,5.1,18.8,,,,,,,,,,,,,,,,77.0,52.0,40.7,47.5,5.702094647013189,3.922032583397983,7.235498418951843,4.203258339798293,4.682829066459788,4.431730023273857,3.80140998393033,3.236746832169641,3.196672023223265,3.320791311093871,2.584949573312646,4.091569847897592,19.73587391277932,23.85966461427356,13.95587267147676,-28.0,-3.000000000000001,5.600000000000001
-2.800000000000001,13535.2,98.33200000000001,6.208299999999999,5.125,0.0049166,198.3888,1.04336,13.95587267147676,10.94739207566929,9.48109887908866,3.951935949988182,5.1,18.9,,,,,,,,,,,,,,,,78.0,53.2,49.0,57.5,5.78070855960693,4.00181018877683,7.667824374060443,4.292733385053013,4.797000258598397,4.592319627618309,3.779845523819398,3.339151797258857,3.499041003576798,3.298163951383501,2.606413240237911,3.951935949988182,9.48109887908866,10.94739207566929,13.95587267147676,-27.0,-2.8000000000000007,5.800000000000001
-2.600000000000001,13530.0,91.668,6.0,5.125,0.0044166,198.2088,1.05664,13.95587267147676,,15.48276315959719,3.951935949988182,5.1,18.8,,,,,,,,,,,,,,,,79.0,49.7,45.7,55.9,5.99948280320662,4.10848202741143,7.408636151573273,4.578226014998708,5.124515128006206,4.893974657357124,4.147011559794723,3.558960434445307,3.84464257944119,3.376907163175589,2.659296612361003,3.951935949988182,15.48276315959719,10.94739207566929,13.95587267147676,-26.0,-2.6000000000000014,6.000000000000002
-2.400000000000001,13521.6,83.33200000000001,6.25,5.0833,0.004333399999999999,198.0288,1.03,18.56219669294062,10.94739207566929,9.48109887908866,3.951935949988182,5.1,18.8,,,,,,,,,,,,,,,,80.0,49.9,41.1,56.6,6.238686320144816,4.257176105508147,8.034834897102277,4.800232738557021,5.455391776570986,5.150374967675201,4.470996837903686,3.817558831135247,4.125395262039293,3.464184122058443,2.754072924747867,3.951935949988182,9.48109887908866,10.94739207566929,18.56219669294062,-25.0,-2.4000000000000004,6.200000000000001
-2.200000000000001,13536.8,78.332,6.291700000000001,5.0833,0.0041666,198.3888,1.05664,22.23465459971302,16.42163549588013,15.48276315959719,3.807184220049413,5.1,18.8,,,,,,,,,,,,,,,,81.0,63.8,69.6,59.2,6.25808119989656,4.396172743728989,8.445389041521953,4.725885699508663,5.443496250323248,5.169769847426946,4.492613135659116,3.661365399534523,3.779845523819398,3.494310835272822,2.875872769588829,3.807184220049413,15.48276315959719,16.42163549588013,22.23465459971302,-24.0,-2.200000000000001,6.400000000000001
-2.0,13531.6,88.332,6.3333,5.125,0.004333399999999999,198.18,1.00664,13.95587267147676,16.42163549588013,15.48276315959719,3.732613627792465,5.1,18.8,,,,,,,,,,,,,,,,82.0,58.1,59.5,44.8,6.073829842254979,4.37354538401862,8.769374319630916,4.408068269976726,5.077191621411948,4.779803465218516,4.254989373282879,3.318722523920352,3.909439635062983,3.440393069562969,2.735712438582881,3.732613627792465,15.48276315959719,16.42163549588013,13.95587267147676,-23.0,-2.0,6.600000000000002
-1.8,13523.2,95.0,5.791700000000001,5.1667,0.0046666,198.0576,1.03336,13.95587267147676,10.94739207566929,15.48276315959719,3.732613627792465,5.1,18.9,,,,,,,,,,,,,,,,83.0,69.8,50.4,59.2,5.989785363330747,4.344453064391001,8.40184542014411,4.152702353245409,4.787302818722524,4.392940263770365,4.254989373282879,3.119343160072408,3.54222176144316,3.373674683216964,2.714248771657616,3.732613627792465,15.48276315959719,10.94739207566929,13.95587267147676,-22.0,-1.7999999999999998,6.8000000000000025
-1.6,13535.2,71.66799999999999,6.5,5.0417,0.004,197.46,1.02664,6.70385433324355,10.94739207566929,19.73587391277932,3.656522569788239,5.1,18.9,,,,,,,,,,,,,,,,84.0,68.9,51.8,47.9,6.200930954228085,4.362813550555987,8.531439531387694,3.905870183604861,4.426299456943367,4.317558831135247,4.125395262039293,2.845616757176106,3.196672023223265,3.517972588569951,2.767002844582363,3.656522569788239,19.73587391277932,10.94739207566929,6.70385433324355,-21.0,-1.5999999999999996,7.000000000000002
-1.4,13530.0,85.0,6.125,5.125,0.004,197.1288,1.06336,13.95587267147676,20.48069521291927,15.48276315959719,3.4995730076618,5.1,18.8,,,,,,,,,,,,,,,,85.0,67.3,53.9,52.8,6.789242306697699,4.679596586501164,9.028562542118088,3.93935867597621,4.428497543315232,4.256141711921386,3.80140998393033,2.843547970002586,2.872686745114302,4.014740108611327,2.722782518748384,3.4995730076618,15.48276315959719,20.48069521291927,13.95587267147676,-20.0,-1.4000000000000004,7.200000000000003
-1.2,13526.8,90.0,6.291700000000001,5.1667,0.004333399999999999,196.9776,1.03,22.23465459971302,16.42163549588013,15.48276315959719,3.249864301402151,5.1,18.9,,,,,,,,,,,,,,,,86.0,63.4,55.3,44.8,7.241789500905095,4.99844840961986,9.525167176403503,3.794931471424877,4.30566330488751,4.152702353245409,3.693432170442176,2.723946211533488,3.110258669846042,4.427463149728473,2.863977243341091,3.249864301402151,15.48276315959719,16.42163549588013,22.23465459971302,-19.0,-1.2000000000000002,7.400000000000002
-1.0,13535.2,90.0,6.0417,5.0833,0.00475,180.0576,1.07664,6.70385433324355,10.94739207566929,19.73587391277932,3.162178171216298,5.1,18.9,,,,,,,,,,,,,,,,87.0,55.3,72.4,47.2,7.226790793897078,5.171967933798811,10.00051837644497,3.645202999741401,4.096586501163693,4.159167313162659,3.56383805919859,2.54499612102405,3.196672023223265,4.341220584432377,2.839151797258857,3.162178171216298,19.73587391277932,10.94739207566929,6.70385433324355,-18.0,-1.0,7.600000000000002
-0.8000000000000005,13535.2,76.668,6.291700000000001,5.125,0.0038334,180.18,0.99336,22.23465459971302,,9.48109887908866,3.072209613635169,5.1,18.9,,,,,,,,,,,,,,,,88.0,57.9,69.8,56.7,7.301137832945437,5.304499612102405,10.86413353377223,3.700155159038014,4.123610033617791,4.084820274114301,3.56383805919859,2.617274372898888,3.02384531646882,4.366046030514611,2.993276441686062,3.072209613635169,9.48109887908866,17.403528344971424,22.23465459971302,-17.0,-0.8000000000000007,7.800000000000002
-0.6000000000000004,13531.6,86.66799999999999,6.4583,5.125,0.0040834,180.6912,1.03,6.70385433324355,23.85966461427356,19.73587391277932,2.883396873149774,5.1,18.9,,,,,,,,,,,,,,,,89.0,64.6,59.8,57.0,7.684639255236618,5.540470649081976,11.25291586750298,3.976984742694595,4.464054822860099,4.607318334626325,3.693432170442176,2.915696922679079,2.915867502980665,4.648306180501682,3.016938194983191,2.883396873149774,19.73587391277932,23.85966461427356,6.70385433324355,-16.0,-0.6000000000000005,8.000000000000002
-0.4000000000000004,13526.8,95.0,5.875,5.125,0.0045834,180.1224,0.99336,18.56219669294062,16.42163549588013,15.48276315959719,2.574603711187981,5.1,18.9,,,,,,,,,,,,,,,,90.0,59.8,61.1,53.7,7.573700543056633,5.751616239979312,11.57690114561195,4.249676752004137,4.852986811481768,4.700025859839669,3.758229226063967,3.212050685285751,3.28303353895599,4.578226014998708,2.773467804499612,2.574603711187981,15.48276315959719,16.42163549588013,18.56219669294062,-15.0,-0.40000000000000036,8.200000000000003
-0.2000000000000004,13523.2,81.668,6.5,5.0833,0.004333399999999999,180.1512,0.98664,6.70385433324355,10.94739207566929,19.73587391277932,2.223328813116935,5.1,18.9,,,,,,,,,,,,,,,,91.0,55.0,55.6,50.3,7.043573829842257,5.620248254460822,11.57690114561195,4.148306180501681,4.874579777605378,4.793767778639772,3.412627650199576,3.158132919575898,2.937483800736095,4.292733385053013,2.855314197051978,2.223328813116935,19.73587391277932,10.94739207566929,6.70385433324355,-14.0,-0.20000000000000018,8.400000000000002
-3.885780586188048e-16,13540.0,86.66799999999999,6.125,5.125,0.0044166,179.8776,0.94664,18.56219669294062,16.42163549588013,19.73587391277932,1.954493526164829,5.1,18.9,,,,,,,,,,,,,,,,92.0,58.8,56.9,51.1,7.101758469097493,5.557667442461857,12.20361826758592,4.298163951383501,5.057796741660201,5.134212567882079,3.693432170442176,3.278769071631756,3.391063190088643,4.359581070597362,2.896302042927334,1.954493526164829,19.73587391277932,16.42163549588013,18.56219669294062,-13.0,-4.440892098500626e-16,8.600000000000001
0.1999999999999996,13523.2,93.332,6.375,5.1667,0.0045,180.2736,0.96,18.56219669294062,20.48069521291927,9.48109887908866,1.642223759542071,5.1,18.9,,,,,,,,,,,,,,,,93.0,58.3,60.4,49.0,6.797905352986812,5.584690974915956,11.98745529003162,4.270106025342643,5.1773985001293,5.300232738557021,3.974236690684776,3.342384277217481,3.412627650199576,4.291698991466253,2.54396172743729,1.642223759542071,9.48109887908866,20.48069521291927,18.56219669294062,-12.0,0.19999999999999973,8.8
0.3999999999999996,13531.6,101.668,6.0,5.125,0.0050834,180.1512,1.0,22.23465459971302,10.94739207566929,15.48276315959719,1.461044723953808,5.1,18.9,,,,,,,,,,,,,,,,94.0,71.4,68.6,48.8,6.378717351952419,5.408973364365141,11.94443004509875,4.179596586501163,5.152573054047065,5.245280579260409,4.125395262039293,3.25833979829325,3.434243947955005,3.95552107576933,2.160331005947763,1.461044723953808,15.48276315959719,10.94739207566929,22.23465459971302,-11.0,0.39999999999999947,9.000000000000002
0.5999999999999996,13536.8,81.668,6.4583,5.125,0.0044166,179.9712,0.99664,13.95587267147676,20.48069521291927,26.25174579534418,1.25395553923655,5.1,18.9,,,,,,,,,,,,,,,,95.0,72.0,45.5,53.2,5.830359451771399,5.088957848461339,11.46907884505728,4.024437548487199,4.965089216446858,5.008145849495733,3.736612928308538,3.108611326609775,3.391063190088643,3.522368761313679,2.046159813809154,1.25395553923655,26.25174579534418,20.48069521291927,13.95587267147676,-10.0,0.5999999999999996,9.200000000000003
0.7999999999999996,13533.2,78.332,6.625,5.125,0.0040834,180.0936,0.96,18.56219669294062,20.48069521291927,19.73587391277932,0.6702674294386497,5.1,18.9,,,,,,,,,,,,,,,,96.0,63.8,72.5,54.8,5.513576415826222,4.820662011895526,10.99372764501581,3.991078355314197,4.835790018101888,4.58585466770106,3.909439635062983,2.991078355314198,3.04546161422425,3.171062839410396,1.931988621670546,0.6702674294386497,19.73587391277932,20.48069521291927,18.56219669294062,-9.0,0.7999999999999998,9.400000000000002
0.9999999999999996,13531.6,103.332,6.0,5.208299999999999,0.0049166,180.36,0.98336,18.56219669294062,,19.73587391277932,,5.1,18.8,,,,,,,,,,,,,,,,97.0,55.8,65.8,46.7,5.828161365399534,4.67636410654254,10.77808304390648,4.269071631755883,5.147142487716576,4.999612102404965,3.693432170442176,3.268037238169123,3.110258669846042,3.330488750969744,2.038660460305146,0.6729822578563144,19.73587391277932,19.127675307239556,18.56219669294062,-8.0,0.9999999999999996,9.600000000000001
1.2,13538.4,90.0,6.3333,5.125,0.0046666,179.9712,0.96,22.23465459971302,,15.48276315959719,,5.1,18.9,,,,,,,,,,,,,,,,98.0,55.9,62.4,119.0,6.464959917248514,4.900439617274373,10.99372764501581,4.590121541246444,5.491983449702611,5.387509697439876,3.931004095173916,3.521205068528575,3.110258669846042,3.572924747866563,2.285363330747349,0.675697086273979,15.48276315959719,17.77465540155984,22.23465459971302,-7.0,1.2,9.800000000000002
1.399999999999999,13533.2,81.668,6.3333,5.125,0.004333399999999999,180.18,0.96,13.95587267147676,16.42163549588013,15.48276315959719,,5.1,18.9,,,,,,,,,,,,,,,,99.0,56.5,75.2,99.7,7.171838634600467,5.355184897853634,11.75003887823337,5.003878975950348,5.997284716834757,5.873416084820274,4.384583484526464,3.794931471424877,3.153439427712405,3.942591155934833,2.534264287561417,0.6784119146916436,15.48276315959719,16.42163549588013,13.95587267147676,-6.0,1.399999999999999,10.000000000000002
1.599999999999999,13533.2,93.332,6.25,5.1667,0.0046666,180.1512,0.93664,6.70385433324355,20.48069521291927,9.48109887908866,,5.1,18.9,,,,,,,,,,,,,,,,100.0,57.5,71.9,100.3,6.985389190587019,5.58352728213085,12.05225234565341,5.077191621411948,6.203129040599948,6.041505042668736,3.952620392929346,3.845616757176106,3.28303353895599,3.943625549521593,2.569821567106284,0.6811267431093083,9.48109887908866,20.48069521291927,6.70385433324355,-5.0,1.599999999999999,10.200000000000001
1.799999999999999,13531.6,96.668,6.291700000000001,5.125,0.0049166,180.2088,0.99,18.56219669294062,10.94739207566929,19.73587391277932,,5.1,18.9,,,,,,,,,,,,,,,,101.0,57.2,73.3,99.5,4.23674683216964,4.806697698474269,11.2746876781919,3.246444272045513,4.356348590638738,3.420998189811223,4.168627857550153,2.382337729506077,2.937483800736095,2.590250840444789,1.332816136539953,0.683841571526973,19.73587391277932,10.94739207566929,18.56219669294062,-4.0,1.799999999999999,10.400000000000002
1.999999999999999,13545.2,83.33200000000001,6.1667,5.125,0.0044166,180.2376,0.97,18.56219669294062,20.48069521291927,,,5.1,18.9,,,,,,,,,,,,,,,,102.0,53.6,58.5,100.3,2.384535815877942,3.344582363589346,8.92022186511845,1.877036462373933,2.708818205327127,1.858675976208948,3.28303353895599,1.36733902249806,2.116686537763724,1.519265580553401,0.678820791311094,0.6865563999446376,17.609318536188255,20.48069521291927,18.56219669294062,-3.0,1.999999999999999,10.600000000000001
2.199999999999999,13528.4,90.0,6.541700000000001,5.125,0.0045,179.7912,0.95336,18.56219669294062,10.94739207566929,15.48276315959719,,5.1,18.9,,,,,,,,,,,,,,,,103.0,69.9,68.3,99.8,1.525730540470649,2.374838376002069,6.60929967342284,1.220804241013706,1.822084303077321,1.196017584690975,2.635062982738064,0.9212567882079131,1.576745632678451,1.03869925006465,0.3846651150762866,0.6892712283623023,15.48276315959719,10.94739207566929,18.56219669294062,-2.0,2.199999999999999,10.8
2.399999999999999,13533.2,100.0,5.958299999999999,5.1667,0.0049166,180.0576,0.96664,25.38118563561724,10.94739207566929,9.48109887908866,,5.1,18.9,,,,,,,,,,,,,,,,104.0,124.0,68.4,100.3,1.105508145849496,1.752004137574347,4.816598413768078,0.9137186449444014,1.328549262994569,0.8910912852340315,1.900730910787414,0.7036074476338247,1.166347001192266,0.7887251099043187,0.2510602534264287,0.6919860567799669,9.48109887908866,10.94739207566929,25.38118563561724,-1.0,2.399999999999999,11.000000000000002
2.6,13545.2,86.66799999999999,6.4583,5.0833,0.0046666,180.3312,0.96664,18.56219669294062,16.42163549588013,19.73587391277932,,5.1,18.9,,,,,,,,,,,,,,,,105.0,111.9,66.2,101.1,0.9018619084561675,1.323118696664081,3.715048468197605,0.7639384535815879,1.032234290147401,0.7391647271786915,1.447151521434866,0.6152443754848721,0.4751801358146286,0.6551202482544609,0.1853245409878459,0.6947008851976316,19.73587391277932,16.42163549588013,18.56219669294062,0.0,2.6,11.200000000000003
2.8,13525.2,91.668,6.1667,5.1667,0.0048334,180.2088,0.93664,22.23465459971302,10.94739207566929,15.48276315959719,,5.1,18.9,,,,,,,,,,,,,,,,106.0,112.3,54.8,113.0,0.7962632531678304,1.033320403413499,2.483904411383547,0.6777476079648306,0.8619989656064133,0.6561934316007241,1.058369187704111,0.5667571761055081,0.4967756985122597,0.5969356089992242,0.1551590380139643,0.6974157136152962,15.48276315959719,10.94739207566929,22.23465459971302,1.0,2.8,11.400000000000002
3.0,2851.68,255.0,29.167,98.458,0.0044166,179.9424,0.95336,13.95587267147676,16.42163549588013,9.48109887908866,,5.1,18.9,,,,,,,,,,,,,,,,107.0,112.0,46.1,113.0,0.7111455908973364,0.8264416860615464,2.159919133274584,0.6238686320144815,0.7520946470131885,0.5904706490819758,1.144730703436836,0.5301267132143781,0.3455860245710435,0.552754072924748,0.1346909749159555,0.7001305420329609,9.48109887908866,16.42163549588013,13.95587267147676,2.0,3.0,11.600000000000001
3.2,1188.32,111.668,6.083299999999999,5.1667,0.0054166,180.2376,0.96336,6.70385433324355,10.94739207566929,9.48109887908866,,5.1,18.9,,,,,,,,,,,,,,,,108.0,112.3,120.2,85.0,0.6745151280062064,0.6895914145332299,1.835933855165621,0.5947763123868632,0.6885182311869666,0.578613912593742,0.9719558343268881,0.5225885699508662,0.5831735005961329,0.5462891130074994,0.1163692785104732,0.7028453704506256,9.48109887908866,10.94739207566929,6.70385433324355,3.0,3.2,11.800000000000002
3.4,1113.32,86.66799999999999,6.291700000000001,5.125,0.00425,180.3312,0.93,,,19.73587391277932,,5.1,18.9,,,,,,,,,,,,,,,,109.0,112.5,105.8,50.5,0.6411042151538661,0.5829195758986294,1.187963298947696,0.5753814326351177,0.6432635117662271,0.5635246961468838,0.7559483697060806,0.5139643134212568,0.1727904204032969,0.5225885699508662,0.1174463408326869,0.7055601988682901,19.73587391277932,10.94739207566929,20.854764806120563,4.0,3.4,12.000000000000002
3.600000000000001,1115.0,83.33200000000001,6.5,5.125,0.00425,180.2376,0.92664,,10.94739207566929,19.73587391277932,,5.1,18.9,,,,,,,,,,,,,,,,110.0,111.4,105.0,47.4,0.6227954486682183,0.5161236100336178,1.101549945570473,0.5602922161882596,0.6184768554434963,0.5484484096198604,0.734383909595148,0.5031936901991209,0.3023845316468819,0.5236617532971295,0.1142138608740626,0.7082750272859548,19.73587391277932,10.94739207566929,35.00567527899757,5.0,3.600000000000001,12.200000000000003
3.800000000000001,1115.0,115.0,5.875,5.208299999999999,0.0053334,180.1224,0.92336,,,9.48109887908866,,5.1,18.9,,,,,,,,,,,,,,,,111.0,110.3,104.7,48.5,0.5980087923454874,0.4633178174295319,0.9719558343268881,0.5505947763123868,0.5958494957331264,0.5408973364365142,0.4967756985122597,0.493496250323248,-0.06479705562179255,0.5096586501163693,0.0980514610809413,0.7109898557036195,9.48109887908866,15.714043644294279,49.15658575187458,6.0,3.800000000000001,12.400000000000004
4.000000000000001,1115.0,83.33200000000001,6.541700000000001,5.0833,0.0045,180.0288,0.89336,,20.48069521291927,19.73587391277932,,5.1,18.9,,,,,,,,,,,,,,,,112.0,118.6,105.3,44.1,0.580773209206103,0.4309930178432894,0.7559483697060806,0.5452159296612361,0.578613912593742,0.5376648564778899,0.3455860245710435,0.493496250323248,0.3023845316468819,0.5031936901991209,0.08404447892423067,0.7137046841212842,19.73587391277932,20.48069521291927,63.307496224751596,7.0,4.000000000000001,12.600000000000003
4.200000000000001,1115.0,83.33200000000001,6.208299999999999,5.125,0.0041666,180.18,0.89664,,145.7512981035723,9.48109887908866,,5.1,18.9,,,,,,,,,,,,,,,,113.0,119.1,105.2,45.4,0.5883113524696147,0.3965218515645203,0.4103830801928361,0.5419834497026118,0.5796870959400051,0.5311998965606413,0.4103830801928361,0.4988750969743987,-0.1943911668653776,0.5010343935867597,0.07650245668476856,0.7164195125389488,9.48109887908866,145.7512981035723,77.45840669762862,8.0,4.200000000000001,12.800000000000004
4.400000000000001,1115.0,98.33200000000001,6.3333,5.1667,0.0046666,180.3312,0.93664,,224.2897964888032,9.48109887908866,,5.1,18.9,,,,,,,,,,,,,,,,114.0,88.7,104.8,43.1,0.5775407292474787,0.3835919317300233,0.1943911668653776,0.5430566330488751,0.5699896560641324,0.5398241530902509,0.280788968949251,0.4967287302818723,-0.1727904204032969,0.4988750969743987,0.0743470390483579,0.7191343409566134,9.48109887908866,224.2897964888032,91.60931717050562,9.0,4.400000000000001,13.000000000000004
4.600000000000001,1108.32,101.668,6.0,5.125,0.0050834,180.2376,0.86336,,225.2894826911278,,,5.1,18.9,,,,,,,,,,,,,,,,115.0,54.2,104.7,58.5,0.5958494957331264,0.3717351952417896,0.4751801358146286,0.5484484096198604,0.5775407292474787,0.5419834497026118,0.3023845316468819,0.5053400568916473,0.0,0.5096586501163693,0.07650245668476856,0.7218491693742781,12.481931019342927,225.2894826911278,105.76022764338263,10.0,4.600000000000001,13.200000000000003
4.800000000000002,1115.0,86.66799999999999,6.291700000000001,5.0833,0.00475,180.4176,0.88336,,225.6243830954248,15.48276315959719,,5.1,18.9,,,,,,,,,,,,,,,,116.0,49.0,112.4,51.6,0.5796870959400051,0.3620377553659167,0.3671815872686746,0.5376648564778899,0.5753814326351177,0.5333591931730023,0.3671815872686746,0.4988750969743987,-0.1079933647815043,0.5064261701577452,0.06249418153607448,0.7245639977919427,15.48276315959719,225.6243830954248,119.91113811625965,11.0,4.800000000000002,13.400000000000004
5.000000000000002,1111.68,88.332,6.375,5.125,0.00425,180.3024,0.90336,,225.6243830954248,9.48109887908866,,5.1,18.9,,,,,,,,,,,,,,,,117.0,50.4,114.8,52.1,0.5743082492888544,0.3534134988363072,0.4751801358146286,0.5398241530902509,0.5602922161882596,0.5333591931730023,0.2591882224871702,0.4978019136281355,-0.1511948577056659,0.5064261701577452,0.06464959917248513,0.7272788262096074,9.48109887908866,225.6243830954248,134.06204858913665,12.0,5.000000000000002,13.600000000000005
5.200000000000002,1111.68,101.668,6.083299999999999,5.1667,0.0049166,180.0288,0.91336,,224.6261873534424,9.48109887908866,,5.1,18.9,,,,,,,,,,,,,,,,118.0,43.9,96.7,55.8,0.5581458494957331,0.3480346521851564,0.3239852781089628,0.5365916731316266,0.565683992759245,0.5355184897853633,0.4967756985122597,0.4988750969743987,-0.1727904204032969,0.493496250323248,0.06572666149469873,0.7299936546272721,9.48109887908866,224.6261873534424,148.21295906201368,13.0,5.200000000000002,13.800000000000004
5.400000000000002,1115.0,98.33200000000001,6.1667,5.125,0.0050834,180.2376,0.88336,,224.9620752057975,15.48276315959719,,5.1,18.9,,,,,,,,,,,,,,,,119.0,74.8,62.0,56.6,0.5559865528833722,0.3437160589604345,0.3239852781089628,0.5376648564778899,0.5549133695371088,0.5268942332557538,0.4319786428904671,0.4945694336695112,0.1727904204032969,0.5074993535040082,0.06464959917248513,0.7327084830449367,15.48276315959719,224.9620752057975,162.36386953489068,14.0,5.400000000000002,14.000000000000004
5.600000000000002,1113.32,76.668,6.541700000000001,5.125,0.0044166,180.0288,0.88,,225.6243830954248,9.48109887908866,,5.1,18.9,,,,,,,,,,,,,,,,120.0,74.3,51.0,57.5,0.5495215929661237,0.3458753555727954,0.1943911668653776,0.5290535298681148,0.5538272562710111,0.5215024566847686,0.02159919133274584,0.4945694336695112,-0.2375874760250895,0.4956426170157746,0.05710757693302301,0.7354233114626014,9.48109887908866,225.6243830954248,176.51478000776768,15.0,5.600000000000002,14.200000000000005
5.800000000000002,1111.68,93.332,6.125,5.1667,0.0045,180.0,0.86,,224.6261873534424,,,5.1,18.9,,,,,,,,,,,,,,,,121.0,48.1,55.3,58.1,0.5462891130074994,0.3329454357382984,0.3239852781089628,0.5333591931730023,0.5624515128006207,0.5247349366433929,0.1943911668653776,0.4978019136281355,-0.06479705562179255,0.4999612102404965,0.05926170157745022,0.738138139880266,9.48109887908866,224.6261873534424,190.6656904806447,16.0,5.800000000000002,14.400000000000004
6.000000000000003,1115.0,108.332,5.9167,5.1667,0.005249999999999999,179.9136,0.86,,225.2894826911278,9.48109887908866,,5.1,18.9,,,,,,,,,,,,,,,,122.0,48.6,48.5,60.2,0.552754072924748,0.339410395655547,0.3023845316468819,0.5279674166020171,0.5549133695371088,0.519356089992242,0.3671815872686746,0.493496250323248,0.2159919133274584,0.5064261701577452,0.05710757693302301,0.7408529682979307,9.48109887908866,225.2894826911278,204.81660095352171,17.0,6.000000000000003,14.600000000000005
6.200000000000003,1113.32,81.668,6.291700000000001,5.0833,0.0045,180.3024,0.87,,225.958787134172,19.73587391277932,,5.1,18.9,,,,,,,,,,,,,,,,123.0,49.0,38.1,57.2,0.5505947763123868,0.3286397724334109,0.4967756985122597,0.5322860098267391,0.5549133695371088,0.5268942332557538,0.3455860245710435,0.493496250323248,-0.06479705562179255,0.4978019136281355,0.06249418153607448,0.7435677967155954,19.73587391277932,225.958787134172,218.96751142639874,18.0,6.200000000000003,14.800000000000004
6.400000000000003,1110.0,83.33200000000001,6.208299999999999,5.125,0.0041666,180.18,0.86336,,225.6243830954248,,,5.1,18.9,,,,,,,,,,,,,,,,124.0,57.0,42.8,68.9,0.5505947763123868,0.3351047323506595,-0.02159919133274584,0.5344323765192657,0.5549133695371088,0.5204292733385053,0.5399927427297704,0.491336953710887,-0.06479705562179255,0.5010343935867597,0.06141711921386088,0.7462826251332599,19.73587391277932,225.6243830954248,233.11842189927575,19.0,6.400000000000003,15.000000000000005
6.600000000000003,1105.0,106.668,6.416700000000001,5.208299999999999,0.005249999999999999,179.9136,0.83,,225.958787134172,19.73587391277932,,5.1,18.9,,,,,,,,,,,,,,,,125.0,56.5,44.3,65.7,0.5473622963537625,0.3286397724334109,0.2159919133274584,0.5290535298681148,0.5602922161882596,0.5215024566847686,-0.06479705562179255,0.4945694336695112,-0.2159919133274584,0.4945694336695112,0.0517196793379881,0.7489974535509246,19.73587391277932,225.958787134172,247.26933237215275,20.0,6.600000000000003,15.200000000000006
6.800000000000003,1106.68,95.0,6.0,5.125,0.005,180.0576,0.83664,,225.6243830954248,9.48109887908866,,5.1,18.8,,,,,,,,,,,,,,,,126.0,60.0,48.0,59.9,0.5430566330488751,0.3275536591673132,0.3455860245710435,0.5322860098267391,0.5549133695371088,0.5258210499094906,0.1295941112435851,0.489177657098526,-0.3023845316468819,0.5085725368502716,0.05602922161882597,0.7517122819685893,9.48109887908866,225.6243830954248,261.42024284502975,21.0,6.800000000000003,15.400000000000006
7.000000000000004,1106.68,80.0,6.666700000000001,5.0417,0.004333399999999999,180.2088,0.81664,,225.2894826911278,19.73587391277932,,5.1,18.8,,,,,,,,,,,,,,,,127.0,58.8,51.3,61.9,0.5495215929661237,0.3318722523920352,0.02159919133274584,0.5344323765192657,0.5559865528833722,0.5236617532971295,0.1295941112435851,0.4945694336695112,0.02159919133274584,0.4978019136281355,0.06249418153607448,0.7544271103862539,19.73587391277932,225.2894826911278,275.5711533179068,22.0,7.000000000000004,15.600000000000007
7.200000000000004,1098.32,108.332,6.0417,5.1667,0.0050834,179.9136,0.82,289.7220637907838,225.2894826911278,9.48109887908866,,5.1,18.8,,,,,,,,,,,,,,,,128.0,63.3,52.7,61.6,0.5333591931730023,0.3264804758210499,0.0,0.5290535298681148,0.5538272562710111,0.5236617532971295,0.3023845316468819,0.4956426170157746,-0.1079933647815043,0.5031936901991209,0.06788207913110939,0.7571419388039186,9.48109887908866,225.2894826911278,289.7220637907838,23.0,7.200000000000004,15.800000000000006
7.400000000000004,1101.68,98.33200000000001,6.291700000000001,5.125,0.005,180.0288,0.83664,314.0428620284359,224.6261873534424,9.48109887908866,,5.1,18.7,,,,,,,,,,,,,,,,129.0,58.6,56.5,60.1,0.5387509697439875,0.3264804758210499,-0.2591882224871702,0.5268942332557538,0.5613783294543574,0.5247349366433929,0.2591882224871702,0.4924101370571503,-0.1295941112435851,0.4945694336695112,0.06895914145332299,0.7598567672215832,9.48109887908866,224.6261873534424,314.0428620284359,24.0,7.400000000000004,16.000000000000007
7.600000000000004,1103.32,98.33200000000001,6.0,5.125,0.005,179.8488,0.81336,314.277480773517,224.6261873534424,9.48109887908866,,5.2,18.7,,,,,,,,,,,,,,,,130.0,59.1,59.6,60.1,0.5376648564778899,0.3307861391259375,0.2375874760250895,0.5311998965606413,0.5624515128006207,0.5182699767261444,0.280788968949251,0.493496250323248,0.1295941112435851,0.493496250323248,0.06895914145332299,0.7625715956392479,9.48109887908866,224.6261873534424,314.277480773517,25.0,7.600000000000004,16.200000000000006
7.800000000000004,1100.0,91.668,6.7083,5.0833,0.00475,180.4536,0.86336,314.5176404548772,325.8638690060552,15.48276315959719,,5.2,18.7,,,,,,,,,,,,,,,,131.0,72.9,52.7,,0.5322860098267391,0.3275536591673132,0.3455860245710435,0.5301267132143781,0.5581458494957331,0.519356089992242,0.3239852781089628,0.4956426170157746,-0.04319786428904671,0.4881044737522627,0.06357253685027153,0.7652864240569125,15.48276315959719,325.8638690060552,314.5176404548772,26.0,7.800000000000004,16.400000000000006
8.000000000000004,1103.32,106.668,6.083299999999999,5.1667,0.005166599999999999,180.2736,0.85336,314.0428620284359,326.3214490190426,9.48109887908866,,5.2,18.7,,,,,,,,,,,,,,,,132.0,67.3,53.1,,0.5355184897853633,0.3210886992500646,0.3671815872686746,0.5301267132143781,0.552754072924748,0.519356089992242,0.4535793893525478,0.4837988104473752,-0.1295941112435851,0.493496250323248,0.0754241013705715,0.7680012524745772,9.48109887908866,326.3214490190426,314.0428620284359,27.0,8.000000000000004,16.600000000000005
8.200000000000003,1103.32,113.332,5.875,5.1667,0.0058334,180.0576,0.83336,314.5176404548772,327.0093672849982,,,5.1,18.7,,,,,,,,,,,,,,,,133.0,64.7,52.8,,0.5344323765192657,0.3307861391259375,0.1727904204032969,0.5268942332557538,0.5570597362296354,0.519356089992242,0.3671815872686746,0.4924101370571503,0.1727904204032969,0.493496250323248,0.07003749676752004,0.7707160808922419,9.48109887908866,327.0093672849982,314.5176404548772,28.0,8.200000000000003,16.800000000000004
8.400000000000002,1093.32,88.332,6.8333,5.0417,0.0049166,180.5976,0.86336,314.277480773517,326.3214490190426,,,5.2,18.6,,,,,,,,,,,,,,,,134.0,55.9,59.1,,0.5355184897853633,0.3264804758210499,0.3023845316468819,0.5290535298681148,0.5505947763123868,0.517196793379881,-0.04319786428904671,0.4881044737522627,-0.1295941112435851,0.4902637703646237,0.06788207913110939,0.7734309093099065,9.48109887908866,326.3214490190426,314.277480773517,29.0,8.400000000000002,17.000000000000004
8.600000000000001,1091.68,100.0,5.791700000000001,5.208299999999999,0.0046666,180.2088,0.86336,314.757616894744,326.552751214628,,,5.2,18.6,,,,,,,,,,,,,,,,135.0,56.2,61.5,,0.5355184897853633,0.3318722523920352,0.2591882224871702,0.5322860098267391,0.5549133695371088,0.5236617532971295,0.4319786428904671,0.4967287302818723,0.02159919133274584,0.493496250323248,0.06141711921386088,0.7761457377275711,9.48109887908866,326.552751214628,314.757616894744,30.0,8.600000000000001,17.200000000000003
8.8,1100.0,103.332,6.625,5.125,0.0050834,179.9712,0.83336,314.5176404548772,326.0954957670384,9.48109887908866,,5.1,18.5,,,,,,,,,,,,,,,,136.0,64.7,60.9,,0.5376648564778899,0.3318722523920352,0.4103830801928361,0.5279674166020171,0.5581458494957331,0.5225885699508662,0.3239852781089628,0.4881044737522627,-0.280788968949251,0.4945694336695112,0.06034005689164727,0.7788605661452358,9.48109887908866,326.0954957670384,314.5176404548772,31.0,8.8,17.400000000000002
9.0,1096.68,105.0,5.75,5.1667,0.005583400000000001,180.0936,0.86664,314.5176404548772,326.552751214628,,,5.1,18.5,,,,,,,,,,,,,,,,137.0,69.6,58.9,,0.5322860098267391,0.3286397724334109,0.3023845316468819,0.5333591931730023,0.5624515128006207,0.5247349366433929,0.08639780208387332,0.491336953710887,0.0,0.4945694336695112,0.05926170157745022,0.7815753945629005,12.481931019342927,326.552751214628,314.5176404548772,32.0,9.0,17.6
9.2,1091.68,85.0,6.791700000000001,5.0833,0.0041666,180.3024,0.83664,314.5176404548772,326.7838896913337,15.48276315959719,,5.1,18.5,,,,,,,,,,,,,,,,138.0,65.5,51.5,,0.5376648564778899,0.3275536591673132,-0.1079933647815043,0.5344323765192657,0.5635246961468838,0.5236617532971295,0.1511948577056659,0.493496250323248,-0.06479705562179255,0.4999612102404965,0.05387509697439877,0.784290222980565,15.48276315959719,326.7838896913337,314.5176404548772,33.0,9.2,17.8
9.399999999999999,1090.0,113.332,6.0,5.208299999999999,0.0055,180.4536,0.83336,314.277480773517,326.7838896913337,9.48109887908866,,5.2,18.5,,,,,,,,,,,,,,,,139.0,63.7,50.6,,0.5322860098267391,0.3264804758210499,0.2591882224871702,0.5333591931730023,0.5613783294543574,0.5236617532971295,0.1079933647815043,0.493496250323248,0.1079933647815043,0.4988750969743987,0.05710757693302301,0.7870050513982297,9.48109887908866,326.7838896913337,314.277480773517,34.0,9.399999999999999,18.0
9.599999999999998,1091.68,111.668,6.083299999999999,5.125,0.0060834,180.1224,0.87336,313.8023389891417,326.552751214628,19.73587391277932,,5.2,18.5,,,,,,,,,,,,,,,,140.0,61.1,50.1,,0.5408973364365142,0.3297129557796742,-0.1079933647815043,0.5322860098267391,0.565683992759245,0.5258210499094906,0.2375874760250895,0.4999612102404965,0.1511948577056659,0.5074993535040082,0.05818463925523662,0.7897198798158944,19.73587391277932,326.552751214628,313.8023389891417,35.0,9.599999999999998,18.2
9.799999999999997,1091.68,88.332,6.666700000000001,5.0833,0.0045,180.0,0.83664,314.757616894744,326.3214490190426,9.48109887908866,,5.2,18.4,,,,,,,,,,,,,,,,141.0,,55.2,,0.5290535298681148,0.3297129557796742,0.3455860245710435,0.5333591931730023,0.5602922161882596,0.5204292733385053,0.5183764449743404,0.4956426170157746,0.1511948577056659,0.502107576933023,0.06141711921386088,0.7924347082335591,9.48109887908866,326.3214490190426,314.757616894744,36.0,9.799999999999997,18.4
9.999999999999996,1086.68,100.0,6.0,5.208299999999999,0.00475,180.3024,0.86,314.757616894744,326.552751214628,,,5.2,18.4,,,,,,,,,,,,,,,,142.0,,55.4,,0.5365916731316266,0.3307861391259375,0.2375874760250895,0.5344323765192657,0.5710757693302302,0.5268942332557538,0.5831735005961329,0.493496250323248,0.1295941112435851,0.502107576933023,0.05926170157745022,0.7951495366512237,9.48109887908866,326.552751214628,314.757616894744,37.0,9.999999999999996,18.599999999999998
10.2,1091.68,101.668,6.4583,5.125,0.005249999999999999,180.3024,0.84,314.5176404548772,326.7838896913337,9.48109887908866,,5.2,18.4,,,,,,,,,,,,,,,,143.0,,55.3,,0.5365916731316266,0.3275536591673132,0.1727904204032969,0.5355184897853633,0.5667571761055081,0.5225885699508662,0.1727904204032969,0.5031936901991209,-0.1727904204032969,0.4967287302818723,0.0506426170157745,0.7978643650688884,9.48109887908866,326.7838896913337,314.5176404548772,38.0,10.2,18.8
10.4,1081.68,91.668,5.791700000000001,5.125,0.00475,179.7624,0.81664,314.5176404548772,326.552751214628,19.73587391277932,,5.2,18.4,,,,,,,,,,,,,,,,144.0,,52.0,,0.5398241530902509,0.3286397724334109,0.1943911668653776,0.5419834497026118,0.5646108094129817,0.5247349366433929,0.3671815872686746,0.5031936901991209,0.04319786428904671,0.5085725368502716,0.05387509697439877,0.800579193486553,19.73587391277932,326.552751214628,314.5176404548772,39.0,10.4,19.000000000000004
10.59999999999999,1081.68,76.668,6.625,5.0833,0.0039166,180.1512,0.86336,314.5176404548772,326.552751214628,9.48109887908866,,5.2,18.4,,,,,,,,,,,,,,,,145.0,,50.4,,0.5333591931730023,0.3361779156969227,-0.1511948577056659,0.5333591931730023,0.5635246961468838,0.5301267132143781,0.1079933647815043,0.4967287302818723,-0.1295941112435851,0.4978019136281355,0.05926170157745022,0.8032940219042177,9.48109887908866,326.552751214628,314.5176404548772,40.0,10.59999999999999,19.199999999999992
10.79999999999999,1086.68,106.668,6.0,5.208299999999999,0.0050834,180.36,0.86,314.757616894744,326.7838896913337,,,5.2,18.4,,,,,,,,,,,,,,,,146.0,,43.3,,0.5376648564778899,0.3318722523920352,0.1511948577056659,0.5344323765192657,0.5678432893716059,0.5311998965606413,0.3887823337307553,0.504266873545384,0.04319786428904671,0.502107576933023,0.05387509697439877,0.8060088503218823,12.481931019342927,326.7838896913337,314.757616894744,41.0,10.79999999999999,19.39999999999999
10.99999999999999,1083.32,95.0,6.25,5.125,0.0048334,179.8776,0.88,314.277480773517,326.552751214628,15.48276315959719,,5.2,18.3,,,,,,,,,,,,,,,,147.0,,54.3,,0.5376648564778899,0.3340186190845617,-0.08639780208387332,0.5387509697439875,0.5753814326351177,0.5258210499094906,-0.1079933647815043,0.4988750969743987,0.06479705562179255,0.504266873545384,0.05602922161882597,0.808723678739547,15.48276315959719,326.552751214628,314.277480773517,42.0,10.99999999999999,19.59999999999999
11.19999999999999,1088.32,78.332,6.541700000000001,5.0417,0.00425,180.0936,0.88664,314.5176404548772,331.1068641777425,15.48276315959719,,5.2,18.3,,,,,,,,,,,,,,,,,,,,0.5365916731316266,0.337251099043186,0.1943911668653776,0.5344323765192657,0.5624515128006207,0.5258210499094906,0.3239852781089628,0.4967287302818723,0.04319786428904671,0.502107576933023,0.05818463925523662,0.8114385071572117,15.48276315959719,331.1068641777425,314.5176404548772,,11.19999999999999,19.799999999999994
11.39999999999999,1078.32,93.332,6.0,5.1667,0.0044166,180.2088,0.85,314.277480773517,329.7466892951673,,,5.2,18.2,,,,,,,,,,,,,,,,,,,,0.5322860098267391,0.3426428756141712,0.2375874760250895,0.5419834497026118,0.5678432893716059,0.5236617532971295,0.280788968949251,0.4956426170157746,0.08639780208387332,0.504266873545384,0.05710757693302301,0.8141533355748762,15.48276315959719,329.7466892951673,314.277480773517,,11.39999999999999,19.999999999999993
11.59999999999999,1083.32,103.332,6.4583,5.1667,0.0050834,180.18,0.85,314.5176404548772,329.0644935250177,,,5.3,18.2,,,,,,,,,,,,,,,,,,,,0.5279674166020171,0.3286397724334109,0.5183764449743404,0.5365916731316266,0.5602922161882596,0.5333591931730023,0.3455860245710435,0.4978019136281355,-0.1079933647815043,0.502107576933023,0.05602922161882597,0.8168681639925409,15.48276315959719,329.0644935250177,314.5176404548772,,11.59999999999999,20.199999999999992
11.79999999999999,1081.68,88.332,6.0,5.125,0.0046666,179.8776,0.87,314.0428620284359,329.5230847312317,15.48276315959719,,5.2,18.1,,,,,,,,,,,,,,,,,,,,0.5333591931730023,0.3340186190845617,0.2375874760250895,0.5376648564778899,0.5699896560641324,0.5322860098267391,0.4103830801928361,0.5010343935867597,-0.04319786428904671,0.5010343935867597,0.06788207913110939,0.8195829924102056,15.48276315959719,329.5230847312317,314.0428620284359,,11.79999999999999,20.39999999999999
11.99999999999999,1083.32,76.668,6.625,5.0833,0.004,180.1224,0.84,314.5176404548772,329.0644935250177,9.48109887908866,,5.2,18.1,,,,,,,,,,,,,,,,,,,,0.5344323765192657,0.3318722523920352,0.1727904204032969,0.5333591931730023,0.5699896560641324,0.5225885699508662,0.3239852781089628,0.4967287302818723,-0.02159919133274584,0.4988750969743987,0.06141711921386088,0.8222978208278703,9.48109887908866,329.0644935250177,314.5176404548772,,11.99999999999999,20.59999999999999
12.19999999999999,1080.0,105.0,6.0,5.208299999999999,0.0049166,179.9712,0.85664,314.277480773517,329.2938689602822,,,5.2,18.1,,,,,,,,,,,,,,,,,,,,0.5268942332557538,0.3329454357382984,0.1079933647815043,0.5419834497026118,0.5678432893716059,0.5311998965606413,0.4103830801928361,0.502107576933023,0.1079933647815043,0.5010343935867597,0.06572666149469873,0.825012649245535,9.48109887908866,329.2938689602822,314.277480773517,,12.19999999999999,20.799999999999994
12.39999999999999,1075.0,93.332,6.0417,5.125,0.00475,180.1224,0.87336,314.5176404548772,328.8404250826521,9.48109887908866,,5.3,18.1,,,,,,,,,,,,,,,,,,,,0.5279674166020171,0.337251099043186,0.02159919133274584,0.5365916731316266,0.565683992759245,0.5279674166020171,-0.2591882224871702,0.4967287302818723,-0.2375874760250895,0.4956426170157746,0.06141711921386088,0.8277274776631995,9.48109887908866,328.8404250826521,314.5176404548772,,12.39999999999999,20.999999999999993
12.59999999999999,1078.32,90.0,6.541700000000001,5.0833,0.005,180.0576,0.83336,314.5176404548772,329.5230847312317,9.48109887908866,,5.3,18.0,,,,,,,,,,,,,,,,,,,,0.5268942332557538,0.3415696922679079,-0.1511948577056659,0.5355184897853633,0.565683992759245,0.519356089992242,0.3671815872686746,0.4956426170157746,0.06479705562179255,0.4978019136281355,0.05602922161882597,0.8304423060808642,9.48109887908866,329.5230847312317,314.5176404548772,,12.59999999999999,21.199999999999992
12.79999999999999,1073.32,85.0,6.0,5.1667,0.0041666,179.82,0.82664,314.0428620284359,329.5230847312317,,,5.3,18.0,,,,,,,,,,,,,,,,,,,,0.5311998965606413,0.3361779156969227,-0.08639780208387332,0.5430566330488751,0.5775407292474787,0.5204292733385053,0.02159919133274584,0.491336953710887,-0.02159919133274584,0.4956426170157746,0.06034005689164727,0.8331571344985289,11.481653639258171,329.5230847312317,314.0428620284359,,12.79999999999999,21.39999999999999
12.99999999999999,1073.32,96.668,6.416700000000001,5.125,0.0048334,180.1512,0.85,313.8023389891417,328.610733136616,,,5.2,18.0,,,,,,,,,,,,,,,,,,,,0.5258210499094906,0.3351047323506595,-0.02159919133274584,0.5398241530902509,0.565683992759245,0.5279674166020171,0.2159919133274584,0.5010343935867597,-0.3023845316468819,0.4956426170157746,0.05818463925523662,0.8358719629161935,13.48220839942768,328.610733136616,313.8023389891417,,12.99999999999999,21.59999999999999
13.19999999999999,1070.0,100.0,5.9167,5.125,0.005,180.3024,0.84,314.5176404548772,329.2938689602822,15.48276315959719,,5.2,18.0,,,,,,,,,,,,,,,,,,,,0.5311998965606413,0.3329454357382984,0.3239852781089628,0.5344323765192657,0.5689164727178693,0.5268942332557538,0.2375874760250895,0.4924101370571503,0.2159919133274584,0.5074993535040082,0.06464959917248513,0.8385867913338582,15.48276315959719,329.2938689602822,314.5176404548772,,13.19999999999999,21.799999999999994
13.39999999999998,1070.0,73.332,6.75,5.0833,0.004,180.0936,0.84664,314.277480773517,328.8404250826521,,,5.2,17.9,,,,,,,,,,,,,,,,,,,,0.5311998965606413,0.3361779156969227,0.2375874760250895,0.5376648564778899,0.5699896560641324,0.5225885699508662,0.4103830801928361,0.4967287302818723,0.0,0.4999612102404965,0.05926170157745022,0.8413016197515228,13.48220839942768,328.8404250826521,314.277480773517,,13.39999999999998,21.999999999999982
13.59999999999998,1066.68,98.33200000000001,5.958299999999999,5.208299999999999,0.0045834,180.2376,0.84664,314.277480773517,329.2938689602822,,,5.2,17.9,,,,,,,,,,,,,,,,,,,,0.5279674166020171,0.3329454357382984,0.3671815872686746,0.5398241530902509,0.5743082492888544,0.5301267132143781,0.5183764449743404,0.4978019136281355,0.3671815872686746,0.5053400568916473,0.05495215929661235,0.8440164481691874,11.48165363925817,329.2938689602822,314.277480773517,,13.59999999999998,22.19999999999998
13.79999999999998,1073.32,100.0,6.416700000000001,5.125,0.0048334,180.0,0.83336,314.5176404548772,328.8404250826521,9.48109887908866,,5.2,17.9,,,,,,,,,,,,,,,,,,,,0.5344323765192657,0.339410395655547,0.3239852781089628,0.5408973364365142,0.5732221360227567,0.5247349366433929,0.3239852781089628,0.5031936901991209,-0.02159919133274584,0.4999612102404965,0.05926170157745022,0.8467312765868521,9.48109887908866,328.8404250826521,314.5176404548772,,13.79999999999998,22.39999999999998
13.99999999999998,1068.32,85.0,6.125,5.0833,0.0045,180.0,0.84,314.0428620284359,329.5230847312317,9.48109887908866,,5.2,17.9,,,,,,,,,,,,,,,,,,,,0.5355184897853633,0.3404835790018102,0.280788968949251,0.5398241530902509,0.5710757693302302,0.5290535298681148,0.4535793893525478,0.502107576933023,0.02159919133274584,0.5031936901991209,0.05926170157745022,0.8494461050045168,9.48109887908866,329.5230847312317,314.0428620284359,,13.99999999999998,22.599999999999984
14.19999999999998,1065.0,85.0,6.291700000000001,5.1667,0.004333399999999999,179.5824,0.82,312.3668221027352,329.2938689602822,,,5.2,17.9,,,,,,,,,,,,,,,,,,,,0.5376648564778899,0.339410395655547,0.1511948577056659,0.5344323765192657,0.5699896560641324,0.5290535298681148,0.1079933647815043,0.4988750969743987,-0.1727904204032969,0.5031936901991209,0.06034005689164727,0.8521609334221815,9.48109887908866,329.2938689602822,312.3668221027352,,14.19999999999998,22.799999999999983
14.39999999999998,1061.68,121.668,6.208299999999999,5.1667,0.0056666,179.8776,0.81,311.6465840472419,329.0644935250177,,,5.2,17.9,,,,,,,,,,,,,,,,,,,,0.5376648564778899,0.3426428756141712,0.1943911668653776,0.5419834497026118,0.5732221360227567,0.5268942332557538,0.1943911668653776,0.4999612102404965,-0.02159919133274584,0.4999612102404965,0.06788207913110939,0.8548757618398461,9.48109887908866,329.0644935250177,311.6465840472419,,14.39999999999998,22.999999999999982
14.59999999999998,1065.0,90.0,6.0,5.125,0.00475,180.18,0.793336,310.9246776086894,325.1735273993692,,,5.2,17.8,,,,,,,,,,,,,,,,,,,,0.5322860098267391,0.3383372123092837,0.04319786428904671,0.5398241530902509,0.5667571761055081,0.5365916731316266,0.06479705562179255,0.4999612102404965,-0.04319786428904671,0.5085725368502716,0.06357253685027153,0.8575905902575107,9.48109887908866,325.1735273993692,310.9246776086894,,14.59999999999998,23.19999999999998
14.79999999999998,1065.0,83.33200000000001,6.625,5.0833,0.0044166,180.18,0.83336,311.4042101712171,327.4708365092148,,,5.3,17.8,,,,,,,,,,,,,,,,,,,,0.5301267132143781,0.3361779156969227,0.3023845316468819,0.5430566330488751,0.5775407292474787,0.5301267132143781,0.3455860245710435,0.5085725368502716,0.02159919133274584,0.5064261701577452,0.05926170157745022,0.8603054186751754,9.48109887908866,327.4708365092148,311.4042101712171,,14.79999999999998,23.39999999999998
14.99999999999998,1063.32,101.668,5.875,5.208299999999999,0.0046666,200.2464,0.89664,311.6465840472419,328.3808805284334,,,5.3,17.8,,,,,,,,,,,,,,,,,,,,0.5387509697439875,0.3361779156969227,0.3023845316468819,0.5441298163951384,0.5775407292474787,0.5301267132143781,0.3887823337307553,0.5074993535040082,-0.2159919133274584,0.5031936901991209,0.05602922161882597,0.8630202470928401,9.48109887908866,328.3808805284334,311.6465840472419,,14.99999999999998,23.599999999999984
15.19999999999998,1061.68,98.33200000000001,6.4583,5.0833,0.0050834,199.7712,0.85336,311.888769570611,328.3808805284334,,,5.3,17.7,,,,,,,,,,,,,,,,,,,,0.5268942332557538,0.3415696922679079,0.4751801358146286,0.5398241530902509,0.578613912593742,0.5355184897853633,0.1511948577056659,0.502107576933023,-0.1511948577056659,0.5064261701577452,0.05818463925523662,0.8657350755105047,9.48109887908866,328.3808805284334,311.888769570611,,15.19999999999998,23.799999999999983
15.39999999999998,1061.68,105.0,5.666700000000001,5.125,0.0054166,200.2176,0.85664,310.9246776086894,328.610733136616,9.48109887908866,,5.2,17.7,,,,,,,,,,,,,,,,,,,,0.5301267132143781,0.3415696922679079,0.08639780208387332,0.5462891130074994,0.5721489526764935,0.5301267132143781,0.3023845316468819,0.5031936901991209,0.06479705562179255,0.5031936901991209,0.06788207913110939,0.8684499039281693,9.48109887908866,328.610733136616,310.9246776086894,,15.39999999999998,23.999999999999982
15.59999999999998,1055.0,91.668,6.75,5.125,0.0045834,200.1024,0.87664,311.888769570611,328.3808805284334,,,5.3,17.7,,,,,,,,,,,,,,,,,,,,0.5225885699508662,0.3318722523920352,0.280788968949251,0.5408973364365142,0.5667571761055081,0.5311998965606413,0.6479705562179255,0.4999612102404965,0.02159919133274584,0.5107318334626326,0.05602922161882597,0.871164732345834,9.48109887908866,328.3808805284334,311.888769570611,,15.59999999999998,24.19999999999998
15.79999999999998,1066.68,116.668,5.958299999999999,5.1667,0.005583400000000001,200.7288,0.88664,312.1250075123856,328.1563453085924,,,5.3,17.7,,,,,,,,,,,,,,,,,,,,,,,,,,,,,,,0.8738795607634986,9.48109887908866,328.1563453085924,312.1250075123856,,15.79999999999998,24.39999999999998
15.99999999999998,1065.0,105.0,6.125,5.125,0.0048334,199.8936,0.84664,311.6465840472419,328.610733136616,,,5.3,17.7,,,,,,,,,,,,,,,,,,,,,,,,,,,,,,,0.8765943891811633,9.48109887908866,328.610733136616,311.6465840472419,,15.99999999999998,24.599999999999984
16.19999999999997,1055.0,96.668,6.541700000000001,5.0417,0.005166599999999999,180.0936,0.84336,311.1674250014331,327.9261742074534,,,5.3,17.6,,,,,,,,,,,,,,,,,,,,,,,,,,,,,,,0.879309217598828,9.48109887908866,327.9261742074534,311.1674250014331,,16.19999999999997,24.799999999999972
16.39999999999997,1053.32,123.332,5.791700000000001,5.25,0.005249999999999999,180.2736,0.80336,310.9246776086894,328.1563453085924,,,5.3,17.5,,,,,,,,,,,,,,,,,,,,,,,,,,,,,,,0.8820240460164926,9.48109887908866,328.1563453085924,310.9246776086894,,16.39999999999997,24.99999999999997
16.59999999999997,1058.32,128.332,6.5,5.125,0.006583400000000001,180.5112,0.83,311.6465840472419,327.9261742074534,,,5.3,17.5,,,,,,,,,,,,,,,,,,,,,,,,,,,,,,,0.8847388744341573,9.48109887908866,327.9261742074534,311.6465840472419,,16.59999999999997,25.19999999999997
16.79999999999997,1058.32,120.0,5.8333,5.125,0.0060834,180.0288,0.773336,311.888769570611,327.9261742074534,9.48109887908866,,5.3,17.5,,,,,,,,,,,,,,,,,,,,,,,,,,,,,,,0.8874537028518219,9.48109887908866,327.9261742074534,311.888769570611,,16.79999999999997,25.39999999999997
16.99999999999997,1053.32,108.332,6.75,5.0833,0.0049166,180.1224,0.796664,311.888769570611,328.3808805284334,9.48109887908866,,5.3,17.5,,,,,,,,,,,,,,,,,,,,,,,,,,,,,,,0.8901685312694866,9.48109887908866,328.3808805284334,311.888769570611,,16.99999999999997,25.599999999999973
17.19999999999997,1056.68,140.0,5.875,5.208299999999999,0.0064166,179.6112,0.73,311.4042101712171,328.1563453085924,,,5.3,17.5,,,,,,,,,,,,,,,,,,,,,,,,,,,,,,,0.8928833596871513,9.48109887908866,328.1563453085924,311.4042101712171,,17.19999999999997,25.799999999999972
17.39999999999997,1048.32,120.0,6.416700000000001,5.125,0.0064166,180.36,0.77,311.4042101712171,328.3808805284334,9.48109887908866,,5.3,17.4,,,,,,,,,,,,,,,,,,,,,,,,,,,,,,,0.8955981881048158,9.48109887908866,328.3808805284334,311.4042101712171,,17.39999999999997,25.99999999999997
17.59999999999997,1048.32,105.0,6.25,5.0833,0.005,180.2376,0.81,306.3111403403886,327.6958414358992,,,5.3,17.4,,,,,,,,,,,,,,,,,,,,,,,,,,,,,,,0.8983130165224805,9.48109887908866,327.6958414358992,306.3111403403886,,17.59999999999997,26.19999999999997
17.79999999999997,1045.0,108.332,6.25,5.1667,0.005166599999999999,179.7912,0.746664,308.2651676285106,328.3808805284334,,,5.3,17.3,,,,,,,,,,,,,,,,,,,,,,,,,,,,,,,0.9010278449401452,9.48109887908866,328.3808805284334,308.2651676285106,,17.79999999999997,26.39999999999997
17.99999999999997,1048.32,118.332,6.375,5.1667,0.005583400000000001,180.0576,0.793336,308.2651676285106,328.1563453085924,,,5.3,17.3,,,,,,,,,,,,,,,,,,,,,,,,,,,,,,,0.9037426733578098,9.48109887908866,328.1563453085924,308.2651676285106,,17.99999999999997,26.599999999999973
18.19999999999997,1048.32,116.668,5.791700000000001,5.1667,0.0056666,180.2376,0.75,308.5041803661189,325.6320774856808,,,5.3,17.3,,,,,,,,,,,,,,,,,,,,,,,,,,,,,,,0.9064575017754745,9.48109887908866,325.6320774856808,308.5041803661189,,18.19999999999997,26.799999999999972
18.39999999999997,1051.68,91.668,7.124999999999999,5.0833,0.0046666,180.2376,0.726664,308.5041803661189,324.4817170798705,,,5.3,17.3,,,,,,,,,,,,,,,,,,,,,,,,,,,,,,,0.9091723301931391,9.48109887908866,324.4817170798705,308.5041803661189,,18.39999999999997,26.99999999999997
18.59999999999997,1045.0,135.0,5.666700000000001,5.25,0.006,180.18,0.743336,308.0201330060726,324.7143297654974,,,5.3,17.3,,,,,,,,,,,,,,,,,,,,,,,,,,,,,,,0.9118871586108038,9.48109887908866,324.7143297654974,308.0201330060726,,18.59999999999997,27.19999999999997
18.79999999999997,1045.0,108.332,6.4583,5.125,0.0053334,180.0936,0.743336,308.99328758936,324.7143297654974,,,5.3,17.3,,,,,,,,,,,,,,,,,,,,,,,,,,,,,,,0.9146019870284685,9.48109887908866,324.7143297654974,308.99328758936,,18.79999999999997,27.39999999999997
18.99999999999996,1051.68,108.332,5.958299999999999,5.125,0.0056666,180.2376,0.723336,308.7488308307027,325.4056455522912,,,5.3,17.3,,,,,,,,,,,,,,,,,,,,,,,,,,,,,,,0.9173168154461331,9.48109887908866,325.4056455522912,308.7488308307027,,18.99999999999996,27.599999999999962
19.19999999999996,1043.32,91.668,6.625,5.1667,0.0044166,180.3312,0.7,308.7488308307027,324.941243435476,,,5.3,17.3,,,,,,,,,,,,,,,,,,,,,,,,,,,,,,,0.9200316438637978,9.48109887908866,324.941243435476,308.7488308307027,,19.19999999999996,27.79999999999996
19.39999999999996,1043.32,118.332,6.25,5.1667,0.0056666,180.0,0.683336,308.99328758936,324.941243435476,,,5.3,17.3,,,,,,,,,,,,,,,,,,,,,,,,,,,,,,,0.9227464722814624,9.48109887908866,324.941243435476,308.99328758936,,19.39999999999996,27.99999999999996
19.59999999999996,1043.32,108.332,6.0,5.1667,0.0053334,180.1224,0.686664,308.2651676285106,325.1735273993692,,,5.3,17.2,,,,,,,,,,,,,,,,,,,,,,,,,,,,,,,0.925461300699127,9.48109887908866,325.1735273993692,308.2651676285106,,19.59999999999996,28.19999999999996
19.79999999999996,1043.32,100.0,6.875000000000001,5.0833,0.00475,180.2088,0.66,308.99328758936,325.1735273993692,,,5.4,17.2,,,,,,,,,,,,,,,,,,,,,,,,,,,,,,,0.9281761291167917,9.48109887908866,325.1735273993692,308.99328758936,,19.79999999999996,28.399999999999963
19.99999999999996,1036.68,113.332,5.791700000000001,5.25,0.005166599999999999,180.4176,0.72,308.5041803661189,325.1735273993692,,,5.3,17.2,,,,,,,,,,,,,,,,,,,,,,,,,,,,,,,0.9308909575344564,9.48109887908866,325.1735273993692,308.5041803661189,,19.99999999999996,28.599999999999962
20.19999999999996,2463.32,111.668,8.625,6.375,0.005249999999999999,180.1512,0.67,308.5041803661189,324.941243435476,,,5.4,17.2,,,,,,,,,,,,,,,,,,,,,,,,,,,,,,,0.933605785952121,9.48109887908866,324.941243435476,308.5041803661189,,20.19999999999996,28.79999999999996
20.39999999999996,1310.0,105.0,5.7083,5.1667,0.0050834,180.1512,0.65,308.99328758936,324.4817170798705,,,5.3,17.2,,,,,,,,,,,,,,,,,,,,,,,,,,,,,,,0.9363206143697856,9.48109887908866,324.4817170798705,308.99328758936,,20.39999999999996,28.99999999999996
20.59999999999996,1420.0,90.0,6.5833,5.125,0.0045834,180.1512,0.623336,308.0201330060726,325.1735273993692,9.48109887908866,,5.4,17.2,,,,,,,,,,,,,,,,,,,,,,,,,,,,,,,0.9390354427874503,9.48109887908866,325.1735273993692,308.0201330060726,,20.59999999999996,29.19999999999996
20.79999999999996,1705.0,120.0,10.958,6.5833,0.00575,180.4536,0.65,308.5041803661189,325.1735273993692,,,5.4,17.2,,,,,,,,,,,,,,,,,,,,,,,,,,,,,,,0.9417502712051149,9.48109887908866,325.1735273993692,308.5041803661189,,20.79999999999996,29.399999999999963
20.99999999999996,1366.68,110.0,6.1667,5.1667,0.005,179.9136,0.6,307.7749032996739,324.7143297654974,,,5.3,17.2,,,,,,,,,,,,,,,,,,,,,,,,,,,,,,,0.9444650996227797,9.48109887908866,324.7143297654974,307.7749032996739,,20.99999999999996,29.599999999999962
21.19999999999996,3963.32,95.0,6.625,5.0833,0.005,180.2376,0.63,305.5766294964031,324.4817170798705,,,5.3,17.2,,,,,,,,,,,,,,,,,,,,,,,,,,,,,,,0.9471799280404443,9.48109887908866,324.4817170798705,305.5766294964031,,21.19999999999996,29.79999999999996
21.39999999999996,9491.6,108.332,6.25,5.25,0.0053334,179.6976,0.573336,305.5766294964031,325.1735273993692,9.48109887908866,,5.3,17.2,,,,,,,,,,,,,,,,,,,,,,,,,,,,,,,0.949894756458109,9.48109887908866,325.1735273993692,305.5766294964031,,21.39999999999996,29.99999999999996
21.59999999999996,12546.8,103.332,6.666700000000001,5.125,0.0053334,180.0,0.606664,304.8403488584391,323.5551502926493,,,5.3,17.1,,,,,,,,,,,,,,,,,,,,,,,,,,,,,,,0.9526095848757736,9.48109887908866,323.5551502926493,304.8403488584391,,21.59999999999996,30.19999999999996
21.79999999999995,12550.0,101.668,5.8333,5.1667,0.005166599999999999,180.1224,0.636664,305.5766294964031,323.5551502926493,9.48109887908866,,5.3,17.1,,,,,,,,,,,,,,,,,,,,,,,,,,,,,,,0.9553244132934382,9.48109887908866,323.5551502926493,305.5766294964031,,21.79999999999995,30.399999999999952
21.99999999999995,12546.8,88.332,6.7083,5.125,0.00475,208.08,0.636664,304.5984611940739,323.3272638528366,,,5.3,17.1,,,,,,,,,,,,,,,,,,,,,,,,,,,,,,,0.9580392417111029,12.899357223652213,323.3272638528366,304.5984611940739,,21.99999999999995,30.59999999999995
22.19999999999995,12544.8,121.668,5.9167,5.25,0.0061666,209.4336,0.66,305.0879373690312,322.8598722025574,,,5.4,17.2,,,,,,,,,,,,,,,,,,,,,,,,,,,,,,,0.9607540701287676,16.317615568215764,322.8598722025574,305.0879373690312,,22.19999999999995,30.79999999999995
22.39999999999995,12544.8,95.0,6.291700000000001,5.1667,0.005,210.2688,0.643336,305.3353251165756,323.0936525445939,19.73587391277932,,5.3,17.2,,,,,,,,,,,,,,,,,,,,,,,,,,,,,,,0.9634688985464321,19.73587391277932,323.0936525445939,305.3353251165756,,22.39999999999995,30.99999999999995
22.59999999999995,12541.6,98.33200000000001,6.5,5.125,0.005166599999999999,212.04,0.84,304.3504744958396,323.0936525445939,9.48109887908866,,5.3,17.2,,,,,,,,,,,,,,,,,,,,,,,,,,,,,,,0.9661837269640968,9.48109887908866,323.0936525445939,304.3504744958396,,22.59999999999995,31.199999999999953
22.79999999999995,12548.4,108.332,5.958299999999999,5.25,0.0055,211.8024,0.61,304.8403488584391,323.3272638528366,9.48109887908866,,5.4,17.2,,,,,,,,,,,,,,,,,,,,,,,,,,,,,,,0.9688985553817615,9.48109887908866,323.3272638528366,304.8403488584391,,22.79999999999995,31.399999999999952
22.99999999999995,12548.4,105.0,6.625,5.1667,0.0055,213.0624,0.586664,304.8403488584391,323.3272638528366,,,5.4,17.2,,,,,,,,,,,,,,,,,,,,,,,,,,,,,,,0.9716133837994261,10.231306914152228,323.3272638528366,304.8403488584391,,22.99999999999995,31.59999999999995
23.19999999999995,12548.4,106.668,5.666700000000001,5.208299999999999,0.0055,215.4024,0.616664,304.8403488584391,322.8598722025574,,,5.3,17.2,,,,,,,,,,,,,,,,,,,,,,,,,,,,,,,0.9743282122170909,10.981514949215793,322.8598722025574,304.8403488584391,,23.19999999999995,31.79999999999995
23.39999999999995,12544.8,81.668,6.875000000000001,5.0833,0.0045834,216.4176,0.606664,305.0879373690312,322.6314946627415,,,5.4,17.2,,,,,,,,,,,,,,,,,,,,,,,,,,,,,,,0.9770430406347554,11.73172298427936,322.6314946627415,305.0879373690312,,23.39999999999995,31.99999999999995
23.59999999999995,12548.4,108.332,5.875,5.208299999999999,0.0054166,216.1512,0.633336,305.0879373690312,323.0936525445939,,,5.4,17.2,,,,,,,,,,,,,,,,,,,,,,,,,,,,,,,0.9797578690524201,12.481931019342927,323.0936525445939,305.0879373690312,,23.59999999999995,32.19999999999995
23.79999999999995,12544.8,100.0,6.5,5.1667,0.005166599999999999,217.0224,0.613336,304.1022855716274,322.3973791958606,,,5.4,17.2,,,,,,,,,,,,,,,,,,,,,,,,,,,,,,,0.9824726974700848,13.232139054406492,322.3973791958606,304.1022855716274,,23.79999999999995,32.39999999999995
23.99999999999995,12558.4,93.332,6.1667,5.125,0.0050834,219.2112,0.633336,305.3353251165756,323.0936525445939,,,5.4,17.1,,,,,,,,,,,,,,,,,,,,,,,,,,,,,,,0.9851875258877494,13.982347089470059,323.0936525445939,305.3353251165756,,23.99999999999995,32.59999999999995
24.19999999999995,12548.4,98.33200000000001,6.291700000000001,5.1667,0.005249999999999999,221.4,0.59,304.8403488584391,323.0936525445939,,,5.4,17.1,,,,,,,,,,,,,,,,,,,,,,,,,,,,,,,0.9879023543054141,14.732555124533626,323.0936525445939,304.8403488584391,,24.19999999999995,32.799999999999955
24.39999999999995,12544.8,106.668,6.291700000000001,5.208299999999999,0.0054166,221.0112,0.603336,305.3353251165756,323.0936525445939,15.48276315959719,,5.4,17.2,,,,,,,,,,,,,,,,,,,,,,,,,,,,,,,0.9906171827230787,15.48276315959719,323.0936525445939,305.3353251165756,,24.39999999999995,32.99999999999995
24.59999999999994,12550.0,96.668,6.0417,5.125,0.005249999999999999,221.4936,0.616664,162.5172698861138,323.0936525445939,9.48109887908866,,5.4,17.2,,,,,,,,,,,,,,,,,,,,,,,,,,,,,,,0.9933320111407433,9.48109887908866,323.0936525445939,162.5172698861138,,24.59999999999994,33.199999999999946
24.79999999999994,12551.6,90.0,6.5833,5.125,0.0049166,222.0912,0.613336,160.1965018064104,322.8598722025574,9.48109887908866,,5.4,17.2,,,,,,,,,,,,,,,,,,,,,,,,,,,,,,,0.996046839558408,9.48109887908866,322.8598722025574,160.1965018064104,,24.79999999999994,33.39999999999994
24.99999999999994,12550.0,100.0,6.125,5.208299999999999,0.0050834,223.02,0.656664,159.2589513121121,54.4647334613072,,,5.4,17.2,,,,,,,,,,,,,,,,,,,,,,,,,,,,,,,0.9987616679760727,9.981237569131038,54.4647334613072,159.2589513121121,,24.99999999999994,33.59999999999994
25.19999999999994,12551.6,106.668,6.4583,5.1667,0.005583400000000001,223.3512,0.63,159.7278516938783,,,,5.4,17.2,,,,,,,,,,,,,,,,,,,,,,,,,,,,,,,1.0014764963937373,10.481376259173416,32.706062768488245,159.7278516938783,,25.19999999999994,33.79999999999994
25.39999999999994,12551.6,98.33200000000001,6.0,5.1667,0.005249999999999999,223.4736,0.623336,159.7278516938783,10.94739207566929,,,5.4,17.2,,,,,,,,,,,,,,,,,,,,,,,,,,,,,,,1.004191324811402,10.981514949215793,10.94739207566929,159.7278516938783,,25.39999999999994,33.99999999999994
25.59999999999994,12551.6,88.332,6.541700000000001,5.1667,0.00475,224.1288,0.643336,159.7278516938783,,,,5.4,17.2,,,,,,,,,,,,,,,,,,,,,,,,,,,,,,,1.0069061532290666,11.481653639258171,10.94739207566929,159.7278516938783,,25.59999999999994,34.199999999999946
25.79999999999994,12553.2,113.332,6.0,5.208299999999999,0.0056666,224.2512,0.663336,159.7278516938783,,,,5.4,17.2,,,,,,,,,,,,,,,,,,,,,,,,,,,,,,,1.0096209816467314,11.981792329300548,10.94739207566929,159.7278516938783,,25.79999999999994,34.39999999999994
25.99999999999994,12550.0,100.0,6.291700000000001,5.208299999999999,0.0054166,224.0136,0.646664,159.7278516938783,,,,5.5,17.2,,,,,,,,,,,,,,,,,,,,,,,,,,,,,,,1.012335810064396,12.481931019342927,10.94739207566929,159.7278516938783,,25.99999999999994,34.59999999999994
26.19999999999994,12555.2,90.0,6.416700000000001,5.125,0.005,224.4888,0.693336,160.1965018064104,10.94739207566929,,,5.4,17.2,,,,,,,,,,,,,,,,,,,,,,,,,,,,,,,1.0150506384820606,12.982069709385303,10.94739207566929,160.1965018064104,,26.19999999999994,34.79999999999994
26.39999999999994,12555.2,95.0,6.291700000000001,5.1667,0.0048334,224.3736,0.683336,161.1285971172987,,,,5.4,17.2,,,,,,,,,,,,,,,,,,,,,,,,,,,,,,,1.0177654668997254,13.48220839942768,10.94739207566929,161.1285971172987,,26.39999999999994,34.99999999999994
26.59999999999994,12556.8,106.668,6.291700000000001,5.1667,0.0055,223.02,0.656664,159.2589513121121,,,,5.4,17.2,,,,,,,,,,,,,,,,,,,,,,,,,,,,,,,1.02048029531739,13.982347089470059,10.94739207566929,159.2589513121121,,26.59999999999994,35.199999999999946
26.79999999999994,12556.8,93.332,6.1667,5.125,0.0049166,223.2,0.683336,160.1965018064104,,,,5.4,17.2,,,,,,,,,,,,,,,,,,,,,,,,,,,,,,,1.0231951237350545,14.482485779512437,10.94739207566929,160.1965018064104,,26.79999999999994,35.39999999999994
26.99999999999994,12560.0,88.332,6.625,5.125,0.0046666,223.2576,0.703336,159.2589513121121,,,,5.4,17.3,,,,,,,,,,,,,,,,,,,,,,,,,,,,,,,1.0259099521527193,14.982624469554814,10.94739207566929,159.2589513121121,,26.99999999999994,35.59999999999994
27.19999999999994,12560.0,103.332,6.0,5.208299999999999,0.0053334,223.02,0.696664,160.1965018064104,,15.48276315959719,,5.5,17.3,,,,,,,,,,,,,,,,,,,,,,,,,,,,,,,1.0286247805703839,15.48276315959719,10.94739207566929,160.1965018064104,,27.19999999999994,35.79999999999994
27.39999999999993,12565.2,101.668,6.3333,5.125,0.0053334,222.8112,0.686664,159.2589513121121,,,,5.5,17.3,,,,,,,,,,,,,,,,,,,,,,,,,,,,,,,1.0313396089880484,12.481931019342927,10.94739207566929,159.2589513121121,,27.39999999999993,35.99999999999993
27.59999999999993,12558.4,91.668,6.4583,5.125,0.0049166,221.9112,0.713336,159.7278516938783,,9.48109887908866,,5.5,17.3,,,,,,,,,,,,,,,,,,,,,,,,,,,,,,,1.0340544374057132,9.48109887908866,10.94739207566929,159.7278516938783,,27.59999999999993,36.19999999999993
27.79999999999993,12563.2,90.0,6.5,5.1667,0.00475,221.2488,0.683336,159.7278516938783,,,,5.5,17.3,,,,,,,,,,,,,,,,,,,,,,,,,,,,,,,1.0367692658233778,10.981514949215793,10.94739207566929,159.7278516938783,,27.79999999999993,36.399999999999935
27.99999999999993,12563.2,111.668,6.083299999999999,5.208299999999999,0.005583400000000001,221.22,0.75,116.9530688550187,,,,5.5,17.3,,,,,,,,,,,,,,,,,,,,,,,,,,,,,,,1.0394840942410424,12.481931019342927,10.94739207566929,116.9530688550187,,27.99999999999993,36.59999999999993
28.19999999999993,12563.2,91.668,6.1667,5.125,0.0049166,221.0976,0.74,113.0448756472949,,,,5.5,17.3,,,,,,,,,,,,,,,,,,,,,,,,,,,,,,,1.0421989226587072,13.982347089470059,10.94739207566929,113.0448756472949,,28.19999999999993,36.79999999999993
28.39999999999993,12563.2,93.332,6.4583,5.1667,0.0055,220.1976,0.77,111.7106921542116,,15.48276315959719,,5.5,17.3,,,,,,,,,,,,,,,,,,,,,,,,,,,,,,,1.0449137510763717,15.48276315959719,10.94739207566929,111.7106921542116,,28.39999999999993,36.999999999999936
28.59999999999993,12560.0,100.0,6.083299999999999,5.208299999999999,0.005,220.1112,0.723336,112.3797638627289,,,,5.5,17.3,,,,,,,,,,,,,,,,,,,,,,,,,,,,,,,1.0476285794940363,14.937157315914597,10.94739207566929,112.3797638627289,,28.59999999999993,37.19999999999993
28.79999999999993,12570.0,101.668,6.375,5.1667,0.005249999999999999,220.3776,0.726664,111.7106921542116,,,,5.5,17.3,,,,,,,,,,,,,,,,,,,,,,,,,,,,,,,1.050343407911701,14.391551472232003,10.94739207566929,111.7106921542116,,28.79999999999993,37.399999999999935
28.99999999999993,12561.6,93.332,6.0,5.1667,0.005,219.0312,0.743336,113.0448756472949,,,,5.5,17.3,,,,,,,,,,,,,,,,,,,,,,,,,,,,,,,1.0530582363293657,13.84594562854941,10.94739207566929,113.0448756472949,,28.99999999999993,37.59999999999993
29.19999999999993,12568.4,85.0,6.625,5.125,0.0045,219.1536,0.75,111.7106921542116,,,,5.5,17.3,,,,,,,,,,,,,,,,,,,,,,,,,,,,,,,1.0557730647470303,13.300339784866816,10.94739207566929,111.7106921542116,,29.19999999999993,37.79999999999993
29.39999999999993,12565.2,105.0,6.0,5.208299999999999,0.005249999999999999,217.9512,0.736664,111.0392079756748,,,,5.5,17.3,,,,,,,,,,,,,,,,,,,,,,,,,,,,,,,1.058487893164695,12.754733941184222,10.94739207566929,111.0392079756748,,29.39999999999993,37.999999999999936
29.59999999999993,12568.4,96.668,6.291700000000001,5.125,0.005166599999999999,217.6776,0.71,111.7106921542116,,,,5.5,17.3,,,,,,,,,,,,,,,,,,,,,,,,,,,,,,,1.0612027215823596,12.20912809750163,10.94739207566929,111.7106921542116,,29.59999999999993,38.19999999999993
29.79999999999993,12576.8,88.332,6.291700000000001,5.125,0.0046666,217.2024,0.776664,111.7106921542116,,,,5.5,17.3,,,,,,,,,,,,,,,,,,,,,,,,,,,,,,,1.0639175500000244,11.663522253819036,10.94739207566929,111.7106921542116,,29.79999999999993,38.399999999999935
29.99999999999993,12570.0,90.0,6.3333,5.1667,0.0046666,217.3536,0.736664,111.7106921542116,,,,5.5,17.3,,,,,,,,,,,,,,,,,,,,,,,,,,,,,,,1.066632378417689,11.117916410136441,10.94739207566929,111.7106921542116,,29.99999999999993,38.59999999999993
30.19999999999992,12570.0,103.332,6.291700000000001,5.1667,0.0053334,216.0288,0.746664,111.7106921542116,,,,5.5,17.3,,,,,,,,,,,,,,,,,,,,,,,,,,,,,,,1.0693472068353538,10.572310566453847,10.94739207566929,111.7106921542116,,30.19999999999992,38.799999999999926
30.39999999999992,12571.6,95.0,6.083299999999999,5.125,0.0050834,216.18,0.766664,110.3620094217005,,,,5.5,17.3,,,,,,,,,,,,,,,,,,,,,,,,,,,,,,,1.0720620352530184,10.026704722771253,10.94739207566929,110.3620094217005,,30.39999999999992,38.99999999999992
30.59999999999992,12571.6,75.0,6.625,5.0833,0.00425,215.1936,0.756664,111.7106921542116,,9.48109887908866,,5.5,17.3,,,,,,,,,,,,,,,,,,,,,,,,,,,,,,,1.074776863670683,9.48109887908866,10.94739207566929,111.7106921542116,,30.59999999999992,39.199999999999925
30.79999999999992,12566.8,95.0,6.0,5.1667,0.00475,215.0712,0.743336,112.3797638627289,,,,5.5,17.3,,,,,,,,,,,,,,,,,,,,,,,,,,,,,,,1.0774916920883477,9.48109887908866,10.94739207566929,112.3797638627289,,30.79999999999992,39.39999999999992
30.99999999999992,12581.6,91.668,6.375,5.125,0.0048334,214.1712,0.76,111.7106921542116,,,,5.5,17.3,,,,,,,,,,,,,,,,,,,,,,,,,,,,,,,1.0802065205060123,9.48109887908866,10.94739207566929,111.7106921542116,,30.99999999999992,39.59999999999992
31.19999999999992,12570.0,86.66799999999999,6.1667,5.0833,0.0045,213.0336,0.766664,111.7106921542116,,,,5.5,17.3,,,,,,,,,,,,,,,,,,,,,,,,,,,,,,,1.0829213489236769,9.48109887908866,10.94739207566929,111.7106921542116,,31.19999999999992,39.799999999999926
31.39999999999992,12570.0,80.0,6.291700000000001,5.125,0.0040834,211.86,0.736664,84.17850268688997,,9.48109887908866,,5.6,17.4,,,,,,,,,,,,,,,,,,,,,,,,,,,,,,,1.0856361773413417,9.48109887908866,10.94739207566929,84.17850268688997,,31.39999999999992,39.99999999999992
31.59999999999992,12571.6,95.0,6.291700000000001,5.1667,0.0046666,212.2776,0.776664,74.75381377667165,,,,5.6,17.5,,,,,,,,,,,,,,,,,,,,,,,,,,,,,,,1.0883510057590062,10.762945758299994,10.94739207566929,74.75381377667165,,31.59999999999992,40.199999999999925
31.79999999999992,12568.4,96.668,5.9167,5.125,0.005,212.4288,0.756664,77.70180742044869,,,,5.6,17.4,,,,,,,,,,,,,,,,,,,,,,,,,,,,,,,1.0910658341766708,12.044792637511325,10.94739207566929,77.70180742044869,,31.79999999999992,40.39999999999992
31.99999999999992,12581.6,80.0,6.416700000000001,5.0833,0.00425,211.2624,0.733336,80.54197091362792,,,,5.6,17.5,,,,,,,,,,,,,,,,,,,,,,,,,,,,,,,1.0937806625943356,13.326639516722658,10.94739207566929,80.54197091362792,,31.99999999999992,40.59999999999992
32.19999999999992,12571.6,91.668,6.25,5.125,0.0045,210.0888,0.75,78.65840012428653,,,,5.6,17.4,,,,,,,,,,,,,,,,,,,,,,,,,,,,,,,1.0964954910120002,14.60848639593399,10.94739207566929,78.65840012428653,,32.19999999999992,40.79999999999992
32.39999999999992,12580.0,93.332,6.0417,5.1667,0.0048334,209.1312,0.72,77.70180742044869,,,,5.6,17.4,,,,,,,,,,,,,,,,,,,,,,,,,,,,,,,1.0992103194296647,15.890333275145322,10.94739207566929,77.70180742044869,,32.39999999999992,40.99999999999992
32.59999999999992,12578.4,86.66799999999999,6.3333,5.0833,0.0045834,208.2312,0.726664,77.70180742044869,,,,5.6,17.4,,,,,,,,,,,,,,,,,,,,,,,,,,,,,,,1.1019251478473295,17.172180154356653,10.94739207566929,77.70180742044869,,32.59999999999992,41.199999999999925
32.79999999999993,12576.8,83.33200000000001,6.25,5.1667,0.0041666,207.4824,0.73,79.6057566660981,,,,5.6,17.5,,,,,,,,,,,,,,,,,,,,,,,,,,,,,,,1.104639976264994,18.454027033567986,10.94739207566929,79.6057566660981,,32.79999999999993,41.399999999999935
32.99999999999993,12580.0,96.668,6.416700000000001,5.125,0.0048334,205.8336,0.69,78.65840012428653,,19.73587391277932,,5.6,17.5,,,,,,,,,,,,,,,,,,,,,,,,,,,,,,,1.1073548046826587,19.73587391277932,10.94739207566929,78.65840012428653,,32.99999999999993,41.59999999999993
33.19999999999993,12576.8,93.332,5.9167,5.1667,0.0048334,204.8976,0.746664,79.6057566660981,10.94739207566929,,,5.6,17.5,,,,,,,,,,,,,,,,,,,,,,,,,,,,,,,1.1100696331003235,19.310562837461106,10.94739207566929,79.6057566660981,,33.19999999999993,41.79999999999993
33.39999999999993,12580.0,75.0,6.5833,5.0833,0.0040834,180.0288,0.69,78.65840012428653,,,,5.6,17.5,,,,,,,,,,,,,,,,,,,,,,,,,,,,,,,1.112784461517988,18.885251762142893,10.94739207566929,78.65840012428653,,33.39999999999993,41.99999999999993
33.59999999999994,12578.4,98.33200000000001,6.0417,5.1667,0.00475,180.3312,0.64,78.65840012428653,,,,5.7,17.5,,,,,,,,,,,,,,,,,,,,,,,,,,,,,,,1.1154992899356526,18.45994068682468,10.94739207566929,78.65840012428653,,33.59999999999994,42.19999999999994
33.79999999999994,12575.2,93.332,6.1667,5.1667,0.0048334,180.2088,0.653336,79.6057566660981,10.94739207566929,,,5.7,17.5,,,,,,,,,,,,,,,,,,,,,,,,,,,,,,,1.1182141183533174,18.034629611506467,10.94739207566929,79.6057566660981,,33.79999999999994,42.39999999999994
33.99999999999994,12586.8,83.33200000000001,6.291700000000001,5.0833,0.0045834,179.8488,0.633336,78.65840012428653,,,,5.7,17.5,,,,,,,,,,,,,,,,,,,,,,,,,,,,,,,1.120928946770982,17.609318536188255,10.94739207566929,78.65840012428653,,33.99999999999994,42.599999999999945
34.19999999999995,12585.2,85.0,6.291700000000001,5.1667,0.00425,180.1512,0.673336,76.73094742106885,,,,5.7,17.5,,,,,,,,,,,,,,,,,,,,,,,,,,,,,,,1.1236437751886468,17.184007460870042,10.94739207566929,76.73094742106885,,34.19999999999995,42.799999999999955
34.39999999999995,12585.2,95.0,6.291700000000001,5.125,0.0048334,180.0,0.636664,77.70180742044869,,,,5.7,17.5,,,,,,,,,,,,,,,,,,,,,,,,,,,,,,,1.1263586036063113,16.75869638555183,10.94739207566929,77.70180742044869,,34.39999999999995,42.99999999999995
34.59999999999995,12588.4,91.668,5.958299999999999,5.125,0.0048334,180.3888,0.633336,79.6057566660981,,,,5.7,17.6,,,,,,,,,,,,,,,,,,,,,,,,,,,,,,,1.1290734320239761,16.333385310233616,10.94739207566929,79.6057566660981,,34.59999999999995,43.19999999999995
34.79999999999995,12585.2,80.0,6.5,5.125,0.0041666,180.0288,0.64,77.70180742044869,,,,5.7,17.6,,,,,,,,,,,,,,,,,,,,,,,,,,,,,,,1.1317882604416407,15.908074234915404,10.94739207566929,77.70180742044869,,34.79999999999995,43.39999999999995
34.99999999999996,12588.4,93.332,6.1667,5.1667,0.0045834,180.18,0.66,,,15.48276315959719,,5.7,17.5,,,,,,,,,,,,,,,,,,,,,,,,,,,,,,,1.1345030888593053,15.48276315959719,10.94739207566929,59.952319148647405,,34.99999999999996,43.59999999999996
35.19999999999996,12588.4,98.33200000000001,6.291700000000001,5.1667,0.0050834,180.2376,0.613336,,,9.48109887908866,,5.7,17.6,,,,,,,,,,,,,,,,,,,,,,,,,,,,,,,1.13721791727697,9.48109887908866,10.94739207566929,42.20283087684612,,35.19999999999996,43.79999999999996
35.39999999999996,12590.0,85.0,6.1667,5.0833,0.0044166,179.9424,0.643336,,,,,5.8,17.6,,,,,,,,,,,,,,,,,,,,,,,,,,,,,,,1.1399327456946347,10.081265307139514,10.94739207566929,24.45334260504484,,35.39999999999996,43.999999999999964
35.59999999999997,12575.2,80.0,6.3333,5.125,0.0040834,180.1512,0.643336,6.70385433324355,10.94739207566929,,,5.8,17.6,,,,,,,,,,,,,,,,,,,,,,,,,,,,,,,1.1426475741122992,10.681431735190367,10.94739207566929,6.70385433324355,,35.59999999999997,44.199999999999974
35.79999999999997,12588.4,103.332,6.0417,5.208299999999999,0.0049166,180.2088,0.603336,,,,,5.8,17.6,,,,,,,,,,,,,,,,,,,,,,,,,,,,,,,1.145362402529964,11.28159816324122,12.315952930722,6.70385433324355,,35.79999999999997,44.39999999999997
35.99999999999997,12591.6,95.0,6.208299999999999,5.125,0.0053334,179.8488,0.616664,,,,,5.8,17.6,,,,,,,,,,,,,,,,,,,,,,,,,,,,,,,1.1480772309476286,11.881764591292072,13.684513785774708,6.70385433324355,,35.99999999999997,44.59999999999997
36.19999999999997,12590.0,80.0,6.416700000000001,5.0833,0.00425,180.0576,0.61,6.70385433324355,,,,5.8,17.6,,,,,,,,,,,,,,,,,,,,,,,,,,,,,,,1.1507920593652932,12.481931019342927,15.053074640827418,6.70385433324355,,36.19999999999997,44.79999999999997
36.39999999999998,12581.6,88.332,6.291700000000001,5.1667,0.004333399999999999,179.9136,0.62,,16.42163549588013,,,5.8,17.6,,,,,,,,,,,,,,,,,,,,,,,,,,,,,,,1.153506887782958,13.082097447393778,16.42163549588013,6.70385433324355,,36.39999999999998,44.99999999999998
36.59999999999998,12590.0,101.668,6.0417,5.1667,0.0050834,180.2736,0.63,,,,,5.9,17.7,,,,,,,,,,,,,,,,,,,,,,,,,,,,,,,1.1562217162006225,13.682263875444631,15.965448544195892,6.70385433324355,,36.59999999999998,45.19999999999998
36.79999999999998,12595.2,85.0,6.208299999999999,5.0833,0.0045834,180.2376,0.63,,,,,5.9,17.7,,,,,,,,,,,,,,,,,,,,,,,,,,,,,,,1.158936544618287,14.282430303495484,15.509261592511656,6.70385433324355,,36.79999999999998,45.399999999999984
36.99999999999999,12595.2,80.0,6.375,5.125,0.0041666,180.2736,0.65,,,,,5.9,17.7,,,,,,,,,,,,,,,,,,,,,,,,,,,,,,,1.161651373035952,14.882596731546338,15.053074640827418,6.70385433324355,,36.99999999999999,45.599999999999994
37.19999999999999,12598.4,95.0,6.0417,5.1667,0.0046666,180.4536,0.64,,,15.48276315959719,,5.9,17.7,,,,,,,,,,,,,,,,,,,,,,,,,,,,,,,1.1643662014536165,15.48276315959719,14.596887689143182,6.70385433324355,,37.19999999999999,45.79999999999999
37.39999999999999,12588.4,96.668,6.291700000000001,5.125,0.005,180.2088,0.66,,,,,5.9,17.6,,,,,,,,,,,,,,,,,,,,,,,,,,,,,,,1.167081029871281,15.48276315959719,14.140700737458946,6.70385433324355,,37.39999999999999,45.99999999999999
37.59999999999999,12605.2,86.66799999999999,6.083299999999999,5.125,0.00425,180.0,0.673336,,,15.48276315959719,,5.9,17.6,,,,,,,,,,,,,,,,,,,,,,,,,,,,,,,1.1697958582889458,15.48276315959719,13.684513785774708,6.70385433324355,,37.59999999999999,46.19999999999999
37.8,12588.4,90.0,6.625,5.125,0.0048334,179.9424,0.606664,,,9.48109887908866,,5.9,17.6,,,,,,,,,,,,,,,,,,,,,,,,,,,,,,,1.1725106867066104,9.48109887908866,13.228326834090472,6.70385433324355,,37.8,46.4
38.0,12591.6,108.332,5.7083,5.208299999999999,0.005166599999999999,180.18,0.616664,,,,,5.9,17.7,,,,,,,,,,,,,,,,,,,,,,,,,,,,,,,1.175225515124275,11.481653639258171,12.772139882406236,6.70385433324355,,38.0,46.6
38.2,12606.8,90.0,6.625,5.0833,0.0046666,180.36,0.68,,,,,5.9,17.7,,,,,,,,,,,,,,,,,,,,,,,,,,,,,,,1.1779403435419398,13.48220839942768,12.315952930722,6.70385433324355,,38.2,46.800000000000004
38.40000000000001,12590.0,96.668,6.083299999999999,5.1667,0.005249999999999999,180.0288,0.643336,6.70385433324355,,15.48276315959719,,5.9,17.7,,,,,,,,,,,,,,,,,,,,,,,,,,,,,,,1.1806551719596046,15.48276315959719,11.859765979037764,6.70385433324355,,38.40000000000001,47.000000000000014
38.60000000000001,12600.0,100.0,6.25,5.208299999999999,0.0045834,180.2736,0.63,,,,,6.0,17.7,,,,,,,,,,,,,,,,,,,,,,,,,,,,,,,1.183370000377269,14.282430303495484,11.403579027353526,9.121193779321286,,38.60000000000001,47.20000000000001
38.80000000000001,12600.0,105.0,6.25,5.0833,0.0055,180.3888,0.673336,,10.94739207566929,,,6.0,17.7,,,,,,,,,,,,,,,,,,,,,,,,,,,,,,,1.1860848287949337,13.082097447393778,10.94739207566929,11.538533225399023,,38.80000000000001,47.40000000000001
39.00000000000001,12600.0,93.332,6.0,5.125,0.0045834,180.0936,0.64,13.95587267147676,,,,6.0,17.8,,,,,,,,,,,,,,,,,,,,,,,,,,,,,,,1.1887996572125985,11.881764591292074,10.94739207566929,13.95587267147676,,39.00000000000001,47.60000000000001
39.20000000000002,12596.8,106.668,6.75,5.125,0.0050834,180.3312,0.64,13.95587267147676,,,,6.0,17.7,,,,,,,,,,,,,,,,,,,,,,,,,,,,,,,1.191514485630263,10.681431735190367,10.94739207566929,13.95587267147676,,39.20000000000002,47.80000000000002
39.40000000000002,12601.6,113.332,5.7083,5.208299999999999,0.0055,180.2088,0.67,,,9.48109887908866,,6.0,17.7,,,,,,,,,,,,,,,,,,,,,,,,,,,,,,,1.1942293140479276,9.48109887908866,10.94739207566929,13.95587267147676,,39.40000000000002,48.00000000000002
39.60000000000002,12601.6,90.0,6.625,5.0833,0.0045,179.9136,0.683336,,10.94739207566929,,,6.0,17.8,,,,,,,,,,,,,,,,,,,,,,,,,,,,,,,1.1969441424655924,9.856202896620443,10.94739207566929,13.95587267147676,,39.60000000000002,48.200000000000024
39.80000000000003,12590.0,110.0,6.0417,5.125,0.005,180.0288,0.68,,10.94739207566929,,,6.1,17.8,,,,,,,,,,,,,,,,,,,,,,,,,,,,,,,1.199658970883257,10.231306914152228,10.94739207566929,13.95587267147676,,39.80000000000003,48.400000000000034
40.00000000000003,12603.2,100.0,6.4583,5.1667,0.00475,180.0,0.663336,,,,,6.1,17.8,,,,,,,,,,,,,,,,,,,,,,,,,,,,,,,1.2023737993009216,10.60641093168401,10.94739207566929,13.95587267147676,,40.00000000000003,48.60000000000003
40.20000000000003,12598.4,105.0,6.0417,5.125,0.005249999999999999,180.36,0.68,,10.94739207566929,,,6.1,17.8,,,,,,,,,,,,,,,,,,,,,,,,,,,,,,,1.2050886277185864,10.981514949215793,10.94739207566929,13.95587267147676,,40.20000000000003,48.80000000000003
40.40000000000003,12608.4,85.0,6.375,5.125,0.0041666,180.2736,0.69,,,,,6.2,17.8,,,,,,,,,,,,,,,,,,,,,,,,,,,,,,,1.207803456136251,11.356618966747575,10.94739207566929,13.95587267147676,,40.40000000000003,49.00000000000003
40.60000000000004,12591.6,103.332,6.5833,5.1667,0.005249999999999999,180.2736,0.646664,,10.94739207566929,,,6.2,17.9,,,,,,,,,,,,,,,,,,,,,,,,,,,,,,,1.2105182845539155,11.73172298427936,10.94739207566929,13.95587267147676,,40.60000000000004,49.20000000000004
40.80000000000004,12608.4,105.0,5.791700000000001,5.208299999999999,0.0050834,179.9712,0.683336,,,,,6.2,17.8,,,,,,,,,,,,,,,,,,,,,,,,,,,,,,,1.2132331129715803,12.106827001811142,10.94739207566929,13.95587267147676,,40.80000000000004,49.40000000000004
41.00000000000004,12600.0,81.668,6.5833,5.0833,0.0045,180.1512,0.65,,,,,6.2,17.8,,,,,,,,,,,,,,,,,,,,,,,,,,,,,,,1.215947941389245,12.481931019342927,10.94739207566929,13.95587267147676,,41.00000000000004,49.600000000000044
41.20000000000005,12600.0,91.668,6.083299999999999,5.1667,0.004333399999999999,180.2088,0.656664,13.95587267147676,,,,6.2,17.9,,,,,,,,,,,,,,,,,,,,,,,,,,,,,,,1.2186627698069095,12.85703503687471,10.94739207566929,13.95587267147676,,41.20000000000005,49.800000000000054
41.40000000000005,12591.6,93.332,6.291700000000001,5.1667,0.0045834,180.3024,0.67,,,,,6.3,17.9,,,,,,,,,,,,,,,,,,,,,,,,,,,,,,,1.2213775982245743,13.232139054406492,10.94739207566929,13.95587267147676,,41.40000000000005,50.00000000000005
41.60000000000005,12605.2,98.33200000000001,6.208299999999999,5.125,0.0050834,180.2376,0.683336,13.95587267147676,,,,6.3,17.9,,,,,,,,,,,,,,,,,,,,,,,,,,,,,,,1.2240924266422388,13.607243071938274,10.94739207566929,13.95587267147676,,41.60000000000005,50.20000000000005
41.80000000000005,12608.4,83.33200000000001,6.291700000000001,5.125,0.0045834,179.7912,0.613336,6.70385433324355,,,,6.4,17.9,,,,,,,,,,,,,,,,,,,,,,,,,,,,,,,1.2268072550599034,13.982347089470059,10.94739207566929,6.70385433324355,,41.80000000000005,50.40000000000005
42.00000000000006,12603.2,86.66799999999999,6.5,5.1667,0.0044166,180.1224,0.64,,10.94739207566929,,,6.4,17.9,,,,,,,,,,,,,,,,,,,,,,,,,,,,,,,1.2295220834775682,14.357451107001841,10.94739207566929,6.70385433324355,,42.00000000000006,50.60000000000006
42.20000000000006,12608.4,100.0,6.0,5.1667,0.0049166,180.2376,0.663336,,,,,6.4,17.9,,,,,,,,,,,,,,,,,,,,,,,,,,,,,,,1.2322369118952328,14.732555124533626,10.94739207566929,6.70385433324355,,42.20000000000006,50.80000000000006
42.40000000000006,12608.4,86.66799999999999,6.541700000000001,5.0833,0.0046666,180.2376,0.646664,6.70385433324355,,,,6.4,17.9,,,,,,,,,,,,,,,,,,,,,,,,,,,,,,,1.2349517403128973,15.107659142065408,10.94739207566929,6.70385433324355,,42.40000000000006,51.000000000000064
42.60000000000007,12608.4,85.0,6.291700000000001,5.125,0.0044166,179.9712,0.636664,,,15.48276315959719,,6.4,17.9,,,,,,,,,,,,,,,,,,,,,,,,,,,,,,,1.2376665687305621,15.48276315959719,10.94739207566929,6.70385433324355,,42.60000000000007,51.200000000000074
42.80000000000007,12606.8,90.0,6.4583,5.1667,0.0045834,180.3024,0.62,,,19.73587391277932,,6.4,17.9,,,,,,,,,,,,,,,,,,,,,,,,,,,,,,,1.240381397148227,19.73587391277932,10.94739207566929,6.70385433324355,,42.80000000000007,51.40000000000007
43.00000000000007,12615.2,103.332,6.125,5.125,0.005166599999999999,180.1512,0.676664,6.70385433324355,,,,6.4,17.9,,,,,,,,,,,,,,,,,,,,,,,,,,,,,,,1.2430962255658913,18.672596224483787,10.94739207566929,6.70385433324355,,43.00000000000007,51.60000000000007
43.20000000000007,12601.6,81.668,6.291700000000001,5.125,0.0044166,180.2736,0.623336,,,,,6.5,17.9,,,,,,,,,,,,,,,,,,,,,,,,,,,,,,,1.245811053983556,17.609318536188255,10.94739207566929,10.329863502360155,,43.20000000000007,51.80000000000007
43.40000000000008,12611.6,85.0,6.3333,5.125,0.0044166,180.2376,0.64,13.95587267147676,10.94739207566929,,,6.5,18.0,,,,,,,,,,,,,,,,,,,,,,,,,,,,,,,1.2485258824012209,16.546040847892723,10.94739207566929,13.95587267147676,,43.40000000000008,52.00000000000008
43.60000000000008,12611.6,101.668,5.958299999999999,5.1667,0.0049166,179.5176,0.583336,13.95587267147676,,15.48276315959719,,6.5,17.9,,,,,,,,,,,,,,,,,,,,,,,,,,,,,,,1.2512407108188852,15.48276315959719,10.94739207566929,13.95587267147676,,43.60000000000008,52.20000000000008
43.80000000000008,12603.2,90.0,6.4583,5.0833,0.00475,180.2376,0.62,6.70385433324355,,9.48109887908866,1.25395553923655,6.5,18.0,,,,,,,,,,,,,,,,,,,,,,,,,,,,,,,1.25395553923655,9.48109887908866,10.94739207566929,6.70385433324355,,43.80000000000008,52.400000000000084
44.00000000000009,12611.6,85.0,6.0,5.1667,0.0044166,179.4024,0.583336,,,19.73587391277932,1.461044723953808,6.5,18.0,,,,,,,,,,,,,,,,,,,,,,,,,,,,,,,1.461044723953808,19.73587391277932,10.94739207566929,12.633025513092086,,44.00000000000009,52.600000000000094
44.20000000000009,12606.8,100.0,6.666700000000001,5.125,0.0044166,180.36,0.57,18.56219669294062,10.94739207566929,19.73587391277932,1.804937049541892,6.5,18.0,,,,,,,,,,,,,,,,,,,,,,,,,,,,,,,1.804937049541892,19.73587391277932,10.94739207566929,18.56219669294062,,44.20000000000009,52.80000000000009
44.40000000000009,12600.0,106.668,5.8333,5.1667,0.005,180.4536,0.616664,18.56219669294062,,15.48276315959719,2.093392494213988,6.6,18.0,,,,,,,,,,,,,,,,,,,,,,,,,,,,,,,2.093392494213988,15.48276315959719,11.555641344581606,18.56219669294062,,44.40000000000009,53.00000000000009
44.60000000000009,12615.2,88.332,6.4583,5.0833,0.0044166,180.2376,0.63,13.95587267147676,,,2.346367022067774,6.6,18.0,,,,,,,,,,,,,,,,,,,,,,,,,,,,,,,2.346367022067774,15.48276315959719,12.16389061349392,13.95587267147676,,44.60000000000009,53.20000000000009
44.8000000000001,12606.8,110.0,6.291700000000001,5.125,0.0048334,180.4536,0.58,6.70385433324355,,15.48276315959719,2.463267219214844,6.6,18.0,,,,,,,,,,,,,,,,,,,,,,,,,,,,,,,2.463267219214844,15.48276315959719,12.772139882406236,6.70385433324355,,44.8000000000001,53.4000000000001
45.0000000000001,12613.2,105.0,6.291700000000001,5.1667,0.0046666,180.2088,0.666664,,,15.48276315959719,2.784435068678277,6.6,18.1,,,,,,,,,,,,,,,,,,,,,,,,,,,,,,,2.784435068678277,15.48276315959719,13.380389151318552,10.329863502360155,,45.0000000000001,53.6000000000001
45.2000000000001,12621.6,105.0,6.208299999999999,5.125,0.0054166,180.3312,0.643336,13.95587267147676,,19.73587391277932,2.979299367150124,6.6,18.0,,,,,,,,,,,,,,,,,,,,,,,,,,,,,,,2.979299367150124,19.73587391277932,13.988638420230867,13.95587267147676,,45.2000000000001,53.800000000000104
45.40000000000011,12608.4,106.668,6.1667,5.125,0.005,180.0,0.646664,6.70385433324355,,9.48109887908866,3.072209613635169,6.7,18.0,,,,,,,,,,,,,,,,,,,,,,,,,,,,,,,3.072209613635169,9.48109887908866,14.596887689143182,6.70385433324355,,45.40000000000011,54.000000000000114
45.60000000000011,12615.2,111.668,6.791700000000001,5.125,0.0053334,179.8776,0.64,6.70385433324355,,9.48109887908866,3.249864301402151,6.7,18.0,,,,,,,,,,,,,,,,,,,,,,,,,,,,,,,3.249864301402151,9.48109887908866,15.205136958055498,6.70385433324355,,45.60000000000011,54.20000000000011
45.80000000000011,12611.6,121.668,5.5833,5.208299999999999,0.0061666,180.18,0.643336,,,,3.41829841367658,6.7,18.0,,,,,,,,,,,,,,,,,,,,,,,,,,,,,,,3.41829841367658,10.681431735190367,15.813386226967813,6.70385433324355,,45.80000000000011,54.40000000000011
46.00000000000011,12611.6,96.668,6.666700000000001,5.0417,0.005166599999999999,180.18,0.616664,,16.42163549588013,,3.4995730076618,6.7,18.1,,,,,,,,,,,,,,,,,,,,,,,,,,,,,,,3.4995730076618,11.881764591292072,16.42163549588013,6.70385433324355,,46.00000000000011,54.60000000000011
46.20000000000012,12616.8,123.332,6.0,5.1667,0.00575,180.1512,0.63,,,,3.656522569788239,6.8,18.1,,,,,,,,,,,,,,,,,,,,,,,,,,,,,,,3.656522569788239,13.082097447393778,13.684513785774708,6.70385433324355,,46.20000000000012,54.80000000000012
46.40000000000012,12611.6,116.668,6.4583,5.208299999999999,0.0059166,181.1088,0.653336,6.70385433324355,10.94739207566929,,3.807184220049413,6.9,18.1,,,,,,,,,,,,,,,,,,,,,,,,,,,,,,,3.807184220049413,14.282430303495484,10.94739207566929,6.70385433324355,,46.40000000000012,55.00000000000012
46.60000000000012,12610.0,113.332,6.0417,5.125,0.0061666,180.3888,0.663336,13.95587267147676,,15.48276315959719,3.880148265440092,7.0,18.1,,,,,,,,,,,,,,,,,,,,,,,,,,,,,,,3.880148265440092,15.48276315959719,10.94739207566929,13.95587267147676,,46.60000000000012,55.200000000000124
46.80000000000013,12620.0,111.668,6.3333,5.125,0.005249999999999999,180.3312,0.646664,,,,4.022442658860438,7.0,18.1,,,,,,,,,,,,,,,,,,,,,,,,,,,,,,,4.022442658860438,17.609318536188255,10.94739207566929,10.329863502360155,,46.80000000000013,55.400000000000134
47.00000000000013,12610.0,125.0,6.5833,5.1667,0.006500000000000001,180.2736,0.643336,6.70385433324355,,19.73587391277932,4.091569847897592,7.0,18.1,,,,,,,,,,,,,,,,,,,,,,,,,,,,,,,4.091569847897592,19.73587391277932,10.94739207566929,6.70385433324355,,47.00000000000013,55.60000000000013
47.20000000000013,12613.2,123.332,5.7083,5.208299999999999,0.0064166,180.0288,0.63,,,15.48276315959719,4.226752678149881,7.0,18.1,,,,,,,,,,,,,,,,,,,,,,,,,,,,,,,4.226752678149881,15.48276315959719,10.94739207566929,6.70385433324355,,47.20000000000013,55.80000000000013
47.40000000000013,12618.4,101.668,6.75,5.0417,0.0055,179.9136,0.666664,,10.94739207566929,,4.292590951704074,7.0,18.1,,,,,,,,,,,,,,,,,,,,,,,,,,,,,,,4.292590951704074,12.481931019342927,10.94739207566929,6.70385433324355,,47.40000000000013,56.00000000000013
47.60000000000014,12610.0,126.668,5.958299999999999,5.1667,0.0061666,179.5824,0.546664,,,9.48109887908866,4.357589272712945,7.1,18.1,,,,,,,,,,,,,,,,,,,,,,,,,,,,,,,4.357589272712945,9.48109887908866,10.94739207566929,6.70385433324355,,47.60000000000014,56.200000000000145
47.80000000000014,12618.4,120.0,6.625,5.125,0.0060834,180.0,0.646664,6.70385433324355,10.94739207566929,9.48109887908866,4.421632216803446,7.0,18.2,,,,,,,,,,,,,,,,,,,,,,,,,,,,,,,4.421632216803446,9.48109887908866,10.94739207566929,6.70385433324355,,47.80000000000014,56.40000000000014
48.00000000000014,12621.6,121.668,5.7083,5.1667,0.0064166,180.0576,0.67,13.95587267147676,10.94739207566929,9.48109887908866,4.546864582114788,7.1,18.2,,,,,,,,,,,,,,,,,,,,,,,,,,,,,,,4.546864582114788,9.48109887908866,10.94739207566929,13.95587267147676,,48.00000000000014,56.60000000000014
48.20000000000014,12611.6,100.0,6.4583,5.0833,0.005166599999999999,180.2088,0.663336,6.70385433324355,10.94739207566929,15.48276315959719,4.608277847428595,7.1,18.3,,,,,,,,,,,,,,,,,,,,,,,,,,,,,,,4.608277847428595,15.48276315959719,10.94739207566929,6.70385433324355,,48.20000000000014,56.80000000000014
48.40000000000015,12615.2,126.668,6.1667,5.125,0.00625,180.2376,0.663336,6.70385433324355,10.94739207566929,15.48276315959719,4.728569634309815,7.2,18.2,,,,,,,,,,,,,,,,,,,,,,,,,,,,,,,4.728569634309815,15.48276315959719,10.94739207566929,6.70385433324355,,48.40000000000015,57.00000000000015
48.60000000000015,12618.4,121.668,5.791700000000001,5.208299999999999,0.0063334,180.2088,0.636664,6.70385433324355,10.94739207566929,9.48109887908866,4.787652658404543,7.1,18.2,,,,,,,,,,,,,,,,,,,,,,,,,,,,,,,4.787652658404543,9.48109887908866,10.94739207566929,6.70385433324355,,48.60000000000015,57.20000000000015
48.80000000000015,12618.4,101.668,6.5833,5.0417,0.0055,180.0,0.67,13.95587267147676,10.94739207566929,9.48109887908866,4.845876273073074,7.3,18.3,,,,,,,,,,,,,,,,,,,,,,,,,,,,,,,4.845876273073074,9.48109887908866,10.94739207566929,13.95587267147676,,48.80000000000015,57.400000000000155
49.00000000000016,12610.0,113.332,5.9167,5.125,0.0054166,180.0936,0.656664,6.70385433324355,20.48069521291927,15.48276315959719,4.845876273073074,7.3,18.3,,,,,,,,,,,,,,,,,,,,,,,,,,,,,,,4.845876273073074,15.48276315959719,20.48069521291927,6.70385433324355,,49.00000000000016,57.600000000000165
49.20000000000016,12628.4,120.0,6.791700000000001,5.125,0.00625,180.3024,0.67,,,19.73587391277932,4.960545457503143,7.3,18.3,,,,,,,,,,,,,,,,,,,,,,,,,,,,,,,4.960545457503143,19.73587391277932,15.714043644294279,6.70385433324355,,49.20000000000016,57.80000000000016
49.40000000000016,12623.2,118.332,5.541700000000001,5.1667,0.0063334,180.0288,0.733336,6.70385433324355,10.94739207566929,,5.016762911715039,7.3,18.3,,,,,,,,,,,,,,,,,,,,,,,,,,,,,,,5.016762911715039,14.60848639593399,10.94739207566929,6.70385433324355,,49.40000000000016,58.00000000000016
49.60000000000016,12621.6,91.668,6.75,5.0833,0.0049166,154.0224,0.74,13.95587267147676,,9.48109887908866,5.016762911715039,7.4,18.3,,,,,,,,,,,,,,,,,,,,,,,,,,,,,,,5.016762911715039,9.48109887908866,10.94739207566929,13.95587267147676,,49.60000000000016,58.20000000000016
49.80000000000017,12624.8,131.668,6.0417,5.125,0.00625,152.7912,0.706664,,,19.73587391277932,5.072490246749696,7.4,18.3,,,,,,,,,,,,,,,,,,,,,,,,,,,,,,,5.072490246749696,19.73587391277932,10.94739207566929,13.95587267147676,,49.80000000000017,58.40000000000017
